Member_number,Recency,Frequency,Monetary,R,F,M
2193,91,27,361.45,3,4,4
1793,26,25,345.1,4,4,4
3289,4,29,334.15,4,4,4
2433,3,30,316.81,4,4,4
2743,142,17,312.46,2,4,4
2811,310,20,305.72,1,4,4
2990,140,24,303.61,3,4,4
3872,37,30,301.33,4,4,4
4753,52,23,301.1,4,4,4
2993,239,15,296.96,2,4,4
4509,31,20,290.74,4,4,4
4102,57,19,289.4,4,4,4
4437,31,23,285.6,4,4,4
1715,179,17,284.89,2,4,4
1169,380,21,284.8,1,4,4
1265,88,25,279.99,3,4,4
2051,46,32,279.4,4,4,4
4494,58,21,277.9,3,4,4
2851,105,29,277.4,3,4,4
4679,50,22,277.18,4,4,4
2210,96,18,271.95,3,4,4
3245,22,18,271.8,4,4,4
3593,57,23,268.8,4,4,4
1098,48,24,267.62,4,4,4
1052,64,26,267.5,3,4,4
4293,91,22,265.7,3,4,4
2001,112,19,264.32,3,4,4
2736,4,21,262.2,4,4,4
4624,33,22,260.94,4,4,4
2706,88,23,260.9,3,4,4
2022,161,23,260.7,2,4,4
4628,20,19,260.6,4,4,4
1870,112,25,257.54,3,4,4
2517,18,27,256.25,4,4,4
3014,49,17,256.0,4,4,4
2632,98,24,254.8,3,4,4
4302,55,20,254.7,4,4,4
4137,4,26,254.04,4,4,4
3657,92,20,253.55,3,4,4
1905,73,26,253.51,3,4,4
4078,46,16,253.12,4,4,4
2918,19,21,252.6,4,4,4
3180,72,36,251.45,3,4,4
3251,4,21,248.12,4,4,4
3957,229,24,248.11,2,4,4
1654,51,23,247.84,4,4,4
4303,5,25,245.36,4,4,4
3761,95,21,245.1,3,4,4
1407,154,22,245.05,2,4,4
1866,52,18,244.5,4,4,4
3543,80,22,244.34,3,4,4
4683,98,20,244.05,3,4,4
3120,7,24,243.5,4,4,4
4831,47,26,242.65,4,4,4
4836,47,19,242.0,4,4,4
2184,23,24,241.86,4,4,4
2443,45,21,241.7,4,4,4
4280,24,15,241.6,4,4,4
3361,161,22,240.5,2,4,4
4272,207,26,240.4,2,4,4
2271,40,30,240.2,4,4,4
2625,42,30,239.96,4,4,4
3768,84,16,239.91,3,4,4
4338,80,28,239.75,3,4,4
2960,11,25,239.24,4,4,4
4234,150,20,237.4,2,4,4
2772,26,16,237.2,4,4,4
2794,92,18,236.4,3,4,4
2729,97,18,236.3,3,4,4
4328,123,12,236.0,3,3,4
1353,324,21,235.4,1,4,4
4434,100,15,235.11,3,4,4
1565,16,19,234.79,4,4,4
1889,124,17,234.75,3,4,4
3048,20,19,234.0,4,4,4
3918,191,13,232.92,2,3,4
1787,60,13,232.7,3,3,4
4389,13,17,231.44,4,4,4
2344,13,25,230.0,4,4,4
3737,18,33,229.58,4,4,4
2870,66,13,228.6,3,3,4
3635,17,21,228.33,4,4,4
1761,89,18,228.22,3,4,4
3691,128,23,227.36,3,4,4
1862,116,15,225.65,3,4,4
4695,78,26,225.41,3,4,4
1065,47,14,225.4,4,4,4
1366,31,25,224.1,4,4,4
2524,25,27,223.95,4,4,4
2070,11,24,223.85,4,4,4
3531,123,17,223.5,3,4,4
3465,59,22,223.34,3,4,4
2440,194,25,223.29,2,4,4
2270,91,22,222.4,3,4,4
3752,131,27,222.36,3,4,4
1175,183,19,222.36,2,4,4
2138,301,18,221.86,1,4,4
3050,15,32,221.55,4,4,4
3535,120,15,221.5,3,4,4
3822,96,19,221.47,3,4,4
4875,65,28,221.4,3,4,4
3246,125,22,221.4,3,4,4
2394,38,29,221.0,4,4,4
3221,184,22,220.9,2,4,4
1651,13,16,220.35,4,4,4
1259,33,14,220.04,4,4,4
2738,51,21,220.0,4,4,4
1949,161,15,219.8,2,4,4
1090,70,12,219.2,3,3,4
1677,21,11,219.0,4,3,4
2779,3,21,218.15,4,4,4
3495,42,22,217.85,4,4,4
1379,170,28,217.85,2,4,4
4417,226,15,217.2,2,4,4
1522,371,19,216.19,1,4,4
2855,52,23,215.0,4,4,4
3776,165,17,214.9,2,4,4
1038,16,19,214.2,4,4,4
3830,73,23,214.05,3,4,4
3651,75,21,213.56,3,4,4
4636,264,17,213.55,2,4,4
4243,130,16,213.34,3,4,4
2758,41,20,212.9,4,4,4
3201,33,17,212.4,4,4,4
4235,11,19,211.84,4,4,4
3225,18,18,211.7,4,4,4
4666,28,20,210.57,4,4,4
2229,8,22,210.51,4,4,4
3960,70,22,210.1,3,4,4
2492,50,20,209.84,4,4,4
1466,29,22,209.8,4,4,4
2789,212,23,209.6,2,4,4
1136,57,19,209.06,4,4,4
3732,24,21,209.02,4,4,4
2663,70,27,208.82,3,4,4
2512,119,26,208.22,3,4,4
1051,50,20,207.36,4,4,4
3484,39,23,207.32,4,4,4
4789,110,11,207.05,3,3,4
1819,12,17,206.9,4,4,4
4486,28,26,206.66,4,4,4
3973,119,16,205.9,3,4,4
1574,148,23,205.7,2,4,4
4800,6,15,205.6,4,4,4
3248,194,21,205.44,2,4,4
1625,33,18,205.26,4,4,4
2251,190,16,205.0,2,4,4
1004,28,21,204.96,4,4,4
3562,0,18,204.76,4,4,4
1940,42,11,204.15,4,3,4
2447,2,21,204.0,4,4,4
4523,63,12,203.95,3,3,4
3416,45,14,203.8,4,4,4
3164,91,21,203.76,3,4,4
1430,13,16,203.6,4,4,4
2426,113,17,203.5,3,4,4
4499,62,15,203.26,3,4,4
1609,13,15,203.1,4,4,4
2511,169,21,202.74,2,4,4
2294,98,22,202.0,3,4,4
2549,128,16,201.92,3,4,4
3946,41,13,201.7,4,3,4
2033,319,11,201.5,1,3,4
4828,80,23,201.41,3,4,4
1991,21,23,201.2,4,4,4
1653,23,18,201.0,4,4,4
4656,5,21,200.3,4,4,4
3922,124,17,200.25,3,4,4
3950,25,15,200.0,4,4,4
1182,31,16,199.82,4,4,4
1983,143,16,199.6,2,4,4
4756,103,14,198.5,3,4,4
1312,226,14,197.8,2,4,4
1890,217,8,197.2,2,2,4
2601,69,19,197.0,3,4,4
3119,185,17,196.8,2,4,4
3499,240,18,196.03,2,4,4
1913,134,16,195.7,3,4,4
1360,14,16,195.2,4,4,4
4487,163,19,194.7,2,4,4
2555,7,15,194.4,4,4,4
1218,1,20,194.2,4,4,4
4941,319,26,194.04,1,4,4
1087,138,21,193.82,3,4,4
2650,38,16,193.71,4,4,4
1979,39,17,193.7,4,4,4
3855,28,18,193.5,4,4,4
4236,35,14,193.4,4,4,4
4512,9,15,193.2,4,4,4
1785,9,19,193.0,4,4,4
1921,49,14,193.0,4,4,4
1336,270,9,192.85,2,2,4
1618,150,16,192.72,2,4,4
3915,91,31,192.63,3,4,4
2716,98,16,192.1,3,4,4
1567,263,17,192.08,2,4,4
2346,104,15,191.9,3,4,4
3709,65,21,191.84,3,4,4
4257,131,13,191.75,3,3,4
3462,45,25,191.48,4,4,4
4218,88,12,191.35,3,3,4
3983,112,11,191.1,3,3,4
3879,27,17,191.05,4,4,4
1452,35,15,191.04,4,4,4
1465,51,17,190.96,4,4,4
4783,69,21,190.16,3,4,4
2408,112,21,189.93,3,4,4
3763,186,13,189.9,2,3,4
4510,118,17,189.76,3,4,4
4187,63,21,189.73,3,4,4
4292,25,20,189.7,4,4,4
4958,172,13,189.7,2,3,4
3938,152,16,189.62,2,4,4
1438,32,17,188.94,4,4,4
4330,191,18,188.9,2,4,4
3405,261,18,188.1,2,4,4
2996,95,14,187.8,3,4,4
3031,12,15,187.8,4,4,4
2171,118,18,187.5,3,4,4
3877,104,16,187.4,3,4,4
1013,89,19,186.75,3,4,4
2230,216,17,186.6,2,4,4
4316,353,20,186.46,1,4,4
1777,27,20,185.9,4,4,4
1934,146,19,185.8,2,4,4
1887,51,22,185.8,4,4,4
3115,427,16,185.54,1,4,4
2690,56,17,185.5,4,4,4
1410,52,26,184.45,4,4,4
1170,29,20,184.44,4,4,4
3633,1,16,184.44,4,4,4
4351,131,13,184.4,3,3,4
1554,223,15,183.5,2,4,4
1216,127,14,183.2,3,4,4
4197,57,17,183.1,4,4,4
1888,207,14,183.1,2,4,4
3584,13,14,183.1,4,4,4
1006,199,15,182.94,2,4,4
1792,137,13,182.84,3,3,4
1220,1,16,182.45,4,4,4
4671,151,22,182.45,2,4,4
2086,211,20,182.4,2,4,4
1572,100,20,182.1,3,4,4
1023,185,17,182.0,2,4,4
3402,136,21,181.52,3,4,4
1734,170,17,181.0,2,4,4
1287,124,17,180.92,3,4,4
3909,324,16,180.86,1,4,4
1908,157,20,180.64,2,4,4
2017,68,16,180.4,3,4,4
2839,60,8,180.3,3,2,4
4826,198,13,180.3,2,3,4
4130,54,16,180.2,4,4,4
4867,62,11,180.0,3,3,4
2120,84,14,180.0,3,4,4
4589,22,16,179.9,4,4,4
1932,114,20,179.8,3,4,4
4540,71,12,179.76,3,3,4
1129,374,13,179.64,1,3,4
1324,3,14,179.2,4,4,4
4742,45,15,179.1,4,4,4
1649,31,18,178.7,4,4,4
2629,24,19,178.54,4,4,4
2370,109,19,178.26,3,4,4
3028,204,15,178.2,2,4,4
2857,256,15,177.8,2,4,4
3467,6,13,177.76,4,3,4
2380,82,16,177.75,3,4,4
3483,38,15,177.66,4,4,4
4473,114,14,177.5,3,4,4
2834,4,10,177.32,4,3,4
3649,192,17,177.2,2,4,4
2178,10,11,177.1,4,3,4
3165,33,18,177.1,4,4,4
4086,410,13,176.95,1,3,4
2151,92,11,176.94,3,3,4
3442,46,13,176.3,4,3,4
3581,5,20,176.2,4,4,4
4588,52,21,176.2,4,4,4
4380,57,11,175.9,4,3,4
1494,92,16,175.74,3,4,4
1435,250,15,175.55,2,4,4
4747,128,16,175.42,3,4,4
4049,151,12,174.9,2,3,4
1729,15,15,174.7,4,4,4
1395,79,23,174.64,3,4,4
3579,0,13,174.6,4,3,4
1510,66,18,174.51,3,4,4
4584,28,10,174.3,4,3,4
1118,5,18,173.4,4,4,4
4096,184,10,173.0,2,3,4
2659,22,16,172.97,4,4,4
1477,40,17,172.9,4,4,4
4952,69,15,172.5,3,4,4
4937,185,16,172.04,2,4,4
3380,49,17,171.9,4,4,4
4799,252,19,171.85,2,4,4
4412,10,13,171.56,4,3,4
3429,184,18,171.52,2,4,4
1595,86,21,171.5,3,4,4
1208,14,11,171.46,4,3,4
2810,0,17,171.4,4,4,4
3821,361,17,171.1,1,4,4
3971,0,15,171.03,4,4,4
3832,166,15,170.96,2,4,4
2222,2,19,170.95,4,4,4
3920,234,11,170.9,2,3,4
2077,229,15,170.9,2,4,4
2718,201,20,170.72,2,4,4
4430,28,14,170.7,4,4,4
3629,261,13,170.5,2,3,4
1608,47,18,170.12,4,4,4
4112,247,18,170.0,2,4,4
2133,147,16,169.96,2,4,4
3827,57,17,169.73,4,4,4
3346,233,6,169.7,2,1,4
2202,93,13,169.45,3,3,4
1483,186,19,169.22,2,4,4
4353,128,16,169.0,3,4,4
1456,40,18,168.74,4,4,4
3862,42,21,168.55,4,4,4
2079,164,14,168.41,2,4,4
1998,226,27,168.05,2,4,4
1198,333,7,167.9,1,2,4
1245,26,19,167.71,4,4,4
4804,3,17,167.54,4,4,4
3474,127,16,167.4,3,4,4
2568,82,19,167.3,3,4,4
3437,331,14,167.22,1,4,4
2746,215,15,167.15,2,4,4
2847,37,13,167.0,4,3,4
2298,85,20,166.8,3,4,4
4657,137,20,166.8,3,4,4
1248,15,16,166.65,4,4,4
4601,15,15,166.65,4,4,4
2389,47,16,166.19,4,4,4
3299,305,11,166.1,1,3,4
3358,276,18,165.9,2,4,4
3247,59,24,165.9,3,4,4
2560,34,24,165.52,4,4,4
4220,39,16,165.5,4,4,4
1419,267,15,165.5,2,4,4
2059,479,9,165.35,1,2,4
4433,219,17,165.2,2,4,4
2381,227,19,165.02,2,4,4
4999,4,16,164.86,4,4,4
1613,127,15,164.7,3,4,4
1385,34,15,164.7,4,4,4
1782,81,13,164.2,3,3,4
2234,6,20,164.2,4,4,4
2928,99,9,164.0,3,2,4
3308,68,28,163.94,3,4,4
2868,26,21,163.9,4,4,4
2618,27,16,163.9,4,4,4
3046,42,23,163.8,4,4,4
1460,189,10,163.7,2,3,4
1711,38,19,163.66,4,4,4
1444,1,20,163.32,4,4,4
4165,134,20,163.15,3,4,4
2550,7,16,163.14,4,4,4
4153,156,22,163.0,2,4,4
4699,151,18,162.93,2,4,4
3182,76,14,162.9,3,4,4
2946,56,18,162.74,4,4,4
4946,56,18,162.5,4,4,4
3959,86,14,162.5,3,4,4
4735,273,12,162.1,2,3,4
4251,9,21,161.99,4,4,4
3369,1,15,161.84,4,4,4
2694,36,19,161.76,4,4,4
2799,111,21,161.7,3,4,4
1859,216,11,161.4,2,3,4
2089,60,16,161.3,3,4,4
3684,139,13,161.3,3,3,4
1190,64,17,161.1,3,4,4
3779,50,15,161.05,4,4,4
1237,265,20,160.8,2,4,4
1855,51,13,160.65,4,3,4
4594,190,18,160.6,2,4,4
1959,17,19,160.6,4,4,4
4495,14,23,160.55,4,4,4
4376,38,26,160.32,4,4,4
2755,227,15,160.3,2,4,4
3766,52,9,160.12,4,2,4
1620,132,11,160.1,3,3,4
2599,38,15,160.1,4,4,4
4825,45,14,160.0,4,4,4
4321,64,18,159.6,3,4,4
1404,241,18,159.5,2,4,4
3926,132,18,159.42,3,4,4
1708,2,16,159.4,4,4,4
4576,104,14,159.4,3,4,4
2713,134,10,159.3,3,3,4
2093,201,16,159.3,2,4,4
1999,128,16,159.24,3,4,4
2499,38,15,159.22,4,4,4
4667,127,17,159.0,3,4,4
3682,79,19,158.98,3,4,4
2348,19,18,158.91,4,4,4
2600,14,19,158.9,4,4,4
3517,19,22,158.74,4,4,4
3608,33,14,158.66,4,4,4
1827,182,23,158.6,2,4,4
2365,192,17,158.6,2,4,4
3663,40,19,158.5,4,4,4
3847,27,11,158.1,4,3,4
4708,89,14,157.8,3,4,4
1931,82,16,157.7,3,4,4
1583,37,20,157.65,4,4,4
1146,109,20,157.52,3,4,4
2723,57,10,157.5,4,3,4
4155,97,17,157.5,3,4,4
1116,31,24,157.4,4,4,4
2573,361,16,157.4,1,4,4
4261,317,12,157.25,1,3,4
4364,6,22,157.05,4,4,4
2435,92,12,157.05,3,3,4
1737,116,21,156.95,3,4,4
4721,177,19,156.9,2,4,4
3509,175,14,156.6,2,4,4
2363,66,11,156.6,3,3,4
4585,93,21,156.55,3,4,4
4028,175,10,156.5,2,3,4
2209,88,14,156.4,3,4,4
2765,30,12,156.25,4,3,4
1241,222,11,156.22,2,3,4
3082,96,26,156.15,3,4,4
2142,188,19,156.0,2,4,4
3898,131,9,156.0,3,2,4
1231,64,16,156.0,3,4,4
4745,6,17,155.98,4,4,4
1110,40,18,155.9,4,4,4
1008,88,12,155.9,3,3,4
4324,359,13,155.8,1,3,4
2578,29,18,155.76,4,4,4
2232,238,14,155.7,2,4,4
1682,59,20,155.66,3,4,4
2164,36,25,155.6,4,4,4
2787,189,16,155.6,2,4,4
3560,92,17,155.6,3,4,4
3642,309,11,155.25,1,3,4
1706,138,14,155.0,3,4,4
1832,43,16,154.75,4,4,4
4453,129,16,154.6,3,4,4
3856,272,13,154.6,2,3,4
3956,376,16,154.44,1,4,4
1296,37,17,154.34,4,4,4
2374,190,14,154.3,2,4,4
3398,294,11,154.3,1,3,4
4947,42,14,154.25,4,4,4
2400,283,12,154.15,1,3,4
2584,249,20,153.97,2,4,4
4566,122,13,153.96,3,3,4
2031,307,13,153.9,1,3,4
1235,215,18,153.88,2,4,4
4526,128,20,153.76,3,4,4
1197,38,18,153.6,4,4,4
2957,33,19,153.56,4,4,4
1373,164,14,153.4,2,4,4
2961,44,20,153.36,4,4,4
1534,139,18,153.31,3,4,4
3148,277,11,153.16,2,3,4
4524,4,22,153.0,4,4,4
4468,198,16,152.8,2,4,4
2648,52,13,152.7,4,3,4
1275,73,24,152.56,3,4,4
4694,42,20,152.54,4,4,4
2814,70,17,152.42,3,4,4
1422,87,19,152.4,3,4,4
4018,43,17,152.1,4,4,4
3603,334,12,152.04,1,3,4
4788,246,13,152.02,2,3,4
3276,183,15,151.8,2,4,4
1504,30,11,151.7,4,3,4
1646,124,17,151.66,3,4,4
2267,49,14,151.6,4,4,4
4002,118,14,151.55,3,4,4
4967,98,12,151.4,3,3,4
2100,78,15,151.14,3,4,4
4312,16,17,151.06,4,4,4
1624,8,9,151.0,4,2,4
1621,313,14,150.72,1,4,4
4548,153,15,150.7,2,4,4
4215,183,18,150.7,2,4,4
3812,47,20,150.65,4,4,4
4864,26,25,150.58,4,4,4
3287,331,13,150.45,1,3,4
3545,30,11,150.4,4,3,4
2421,38,21,150.3,4,4,4
2466,81,9,150.2,3,2,4
3393,53,19,150.14,4,4,4
1997,2,21,150.12,4,4,4
4045,8,11,149.9,4,3,4
3322,80,16,149.8,3,4,4
1094,113,20,149.79,3,4,4
2952,35,15,149.36,4,4,4
2357,98,19,149.35,3,4,4
2612,213,18,149.25,2,4,4
3692,73,12,149.1,3,3,4
1061,116,14,149.1,3,4,4
4759,313,11,148.85,1,3,4
3472,244,12,148.8,2,3,4
2547,36,12,148.6,4,3,4
2144,359,10,148.6,1,3,4
2835,82,19,148.52,3,4,4
2045,23,15,148.4,4,4,4
3389,135,13,148.4,3,3,4
4044,29,10,148.4,4,3,4
3547,32,18,148.09,4,4,4
3077,121,17,148.01,3,4,4
3558,102,17,148.0,3,4,4
3783,191,23,148.0,2,4,4
1602,123,14,148.0,3,4,4
3511,45,14,147.94,4,4,4
3701,247,12,147.68,2,3,4
4877,54,21,147.41,4,4,4
3438,3,16,147.35,4,4,4
2383,86,12,147.29,3,3,4
3207,34,15,147.2,4,4,4
4773,51,17,147.1,4,4,4
4734,38,10,147.1,4,3,4
3948,198,15,147.02,2,4,4
2041,97,14,146.7,3,4,4
3582,196,19,146.61,2,4,4
1329,221,16,146.6,2,4,4
1865,27,14,146.6,4,4,4
1229,285,8,146.4,1,2,4
4778,128,15,146.4,3,4,4
2117,53,13,146.28,4,3,4
4388,285,14,146.25,1,4,4
1509,0,17,146.2,4,4,4
3175,37,14,146.2,4,4,4
2069,181,10,146.1,2,3,4
3194,241,14,145.8,2,4,4
1566,41,21,145.76,4,4,4
4297,64,23,145.52,3,4,4
1333,99,18,145.5,3,4,4
1659,30,15,145.5,4,4,4
4685,56,15,145.5,4,4,4
2602,19,17,145.44,4,4,4
1811,98,18,145.3,3,4,4
2056,36,18,145.23,4,4,4
3090,56,22,145.22,4,4,4
4851,10,14,145.2,4,4,4
4030,8,20,145.05,4,4,4
1264,23,17,145.0,4,4,4
4953,81,16,144.9,3,4,4
2997,0,16,144.87,4,4,4
3774,13,12,144.7,4,3,4
1283,47,16,144.7,4,4,4
3508,137,17,144.61,3,4,4
4275,110,15,144.6,3,4,4
2745,245,15,144.6,2,4,4
3507,50,18,144.4,4,4,4
1120,95,17,144.39,3,4,4
3101,13,14,144.1,4,4,4
2854,325,11,144.02,1,3,4
4807,195,13,144.0,2,3,4
3071,200,15,143.85,2,4,4
4391,279,14,143.84,2,4,4
1133,149,12,143.82,2,3,4
2582,46,12,143.8,4,3,4
3727,225,13,143.8,2,3,4
4267,81,14,143.7,3,4,4
4442,32,14,143.7,4,4,4
3688,68,15,143.66,3,4,4
4424,75,8,143.65,3,2,4
4681,110,14,143.62,3,4,4
1484,84,8,143.6,3,2,4
3266,66,22,143.55,3,4,4
2369,74,8,143.5,3,2,4
3505,80,15,143.2,3,4,4
3045,279,11,143.15,2,3,4
2836,1,12,143.12,4,3,4
4557,72,8,143.0,3,2,4
4024,75,14,142.9,3,4,4
4592,22,16,142.9,4,4,4
4325,77,9,142.7,3,2,4
4564,56,17,142.26,4,4,4
3410,62,14,142.24,3,4,4
1839,82,11,142.2,3,3,4
2403,29,13,142.1,4,3,4
1204,160,16,142.1,2,4,4
3803,7,19,142.05,4,4,4
2272,116,13,142.0,3,3,4
1584,173,16,141.95,2,4,4
3337,203,16,141.86,2,4,4
2244,276,15,141.8,2,4,4
2654,35,18,141.7,4,4,4
3002,139,17,141.6,3,4,4
4797,179,11,141.6,2,3,4
4916,304,13,141.5,1,3,4
3116,385,14,141.4,1,4,4
4445,29,15,141.2,4,4,4
1894,88,14,141.2,3,4,4
3518,65,15,140.95,3,4,4
1943,91,20,140.86,3,4,4
2454,50,19,140.7,4,4,4
1322,72,15,140.64,3,4,4
2687,107,16,140.6,3,4,4
2293,11,19,140.56,4,4,4
4541,256,10,140.4,2,3,4
3718,73,18,140.4,3,4,4
1821,223,8,140.2,2,2,4
2964,141,12,140.2,3,3,4
3571,19,14,140.2,4,4,4
3072,205,16,140.15,2,4,4
4832,27,13,140.02,4,3,4
2040,84,15,140.0,3,4,4
3809,281,9,139.9,1,2,4
2018,127,13,139.6,3,3,4
1341,61,12,139.4,3,3,4
1457,355,12,139.4,1,3,4
2399,321,11,139.3,1,3,4
2042,41,14,139.24,4,4,4
4661,234,17,139.1,2,4,4
3741,39,16,139.1,4,4,4
3621,58,16,139.05,3,4,4
1239,121,16,139.0,3,4,4
3819,185,10,138.8,2,3,4
4972,327,13,138.7,1,3,4
3526,126,10,138.63,3,3,4
1081,241,16,138.6,2,4,4
2375,21,11,138.6,4,3,4
4202,28,13,138.4,4,3,4
4301,10,15,138.26,4,4,4
2289,56,16,137.84,4,4,4
4746,21,14,137.8,4,4,4
2066,223,12,137.7,2,3,4
1416,130,14,137.7,3,4,4
2310,281,16,137.68,1,4,4
4951,36,13,137.6,4,3,4
3670,378,9,137.55,1,2,4
1939,61,14,137.52,3,4,4
3498,274,8,137.5,2,2,4
4092,91,10,137.5,3,3,4
3170,27,12,137.4,4,3,4
3677,30,13,137.15,4,3,4
4262,75,17,137.1,3,4,4
1917,154,11,137.0,2,3,4
3904,233,8,137.0,2,2,4
3469,224,16,137.0,2,4,4
2432,18,14,137.0,4,4,4
1327,143,18,136.92,2,4,4
1157,452,7,136.9,1,2,4
3481,87,15,136.8,3,4,4
4131,276,11,136.8,2,3,4
2484,140,14,136.75,3,4,4
3427,246,9,136.7,2,2,4
3844,104,16,136.6,3,4,4
3841,164,17,136.38,2,4,4
1165,1,9,136.2,4,2,4
1542,145,13,136.2,2,3,4
3292,108,6,136.2,3,1,4
3687,8,19,136.09,4,4,4
4222,3,13,135.99,4,3,4
4574,30,21,135.9,4,4,4
3347,208,14,135.8,2,4,4
1623,58,12,135.7,3,3,4
4082,243,11,135.7,2,3,4
2254,340,12,135.7,1,3,4
4299,138,15,135.69,3,4,4
3489,42,15,135.6,4,4,4
1561,158,19,135.55,2,4,4
2760,144,23,135.4,2,4,4
4108,94,14,135.35,3,4,4
3782,330,18,135.34,1,4,4
4335,25,17,135.32,4,4,4
1798,363,17,135.2,1,4,4
2645,186,18,135.1,2,4,4
3414,68,13,135.0,3,3,4
3749,296,9,134.98,1,2,4
4572,62,18,134.8,3,4,4
2437,45,15,134.7,4,4,4
3942,50,23,134.61,4,4,4
4418,87,8,134.6,3,2,4
4356,29,9,134.5,4,2,4
2595,341,17,134.45,1,4,4
4056,71,16,134.45,3,4,4
2340,32,18,134.4,4,4,4
2028,10,13,134.29,4,3,4
4988,10,17,134.2,4,4,4
3522,98,10,134.2,3,3,4
4567,89,12,134.0,3,3,4
2784,47,13,133.95,4,3,4
4992,193,11,133.9,2,3,4
2415,144,14,133.9,2,4,4
3617,257,11,133.9,2,3,4
4633,135,14,133.8,3,4,4
4820,23,18,133.8,4,4,4
2771,126,7,133.7,3,2,4
1733,190,17,133.6,2,4,4
4138,81,12,133.39,3,3,4
2849,36,11,133.35,4,3,4
4441,51,16,133.3,4,4,4
2978,35,19,133.3,4,4,4
1144,76,16,133.25,3,4,4
1817,131,12,133.2,3,3,4
3878,155,16,133.0,2,4,4
2785,73,10,132.96,3,3,4
4006,12,12,132.81,4,3,4
3186,35,10,132.8,4,3,4
2540,300,17,132.7,1,4,4
2769,152,12,132.63,2,3,4
3325,31,13,132.62,4,3,4
1619,62,11,132.61,3,3,4
3144,136,13,132.52,3,3,4
3743,238,17,132.5,2,4,4
3679,7,21,132.39,4,4,4
4104,30,16,132.35,4,4,4
3268,54,16,132.27,4,4,4
1726,4,13,132.1,4,3,4
3881,267,13,132.05,2,3,4
1342,314,13,132.05,1,3,4
1616,22,13,132.0,4,3,4
3963,104,13,131.85,3,3,4
3166,246,14,131.8,2,4,4
3843,74,9,131.8,3,2,4
3181,17,14,131.7,4,4,4
4156,149,13,131.64,2,3,4
3557,163,11,131.63,2,3,4
3450,6,17,131.56,4,4,4
1356,113,10,131.44,3,3,4
2284,287,13,131.4,1,3,4
2747,122,12,131.3,3,3,4
2252,83,20,131.17,3,4,4
4252,264,9,131.16,2,2,4
4288,47,12,131.0,4,3,4
3025,72,11,131.0,3,3,4
2944,332,13,130.9,1,3,4
1540,34,12,130.9,4,3,4
4258,19,13,130.7,4,3,4
1507,191,16,130.6,2,4,4
4266,152,19,130.5,2,4,4
4163,214,15,130.5,2,4,4
3258,224,13,130.34,2,3,4
4503,11,11,130.3,4,3,4
3284,41,16,130.2,4,4,4
2523,179,15,130.06,2,4,4
4124,112,17,130.05,3,4,4
4211,470,12,130.0,1,3,4
2676,53,14,129.9,4,4,4
2825,1,10,129.9,4,3,4
3128,122,17,129.8,3,4,4
1948,127,21,129.75,3,4,4
1027,227,9,129.7,2,2,4
4277,24,23,129.66,4,4,4
4129,53,17,129.64,4,4,4
3497,36,22,129.4,4,4,4
4525,84,15,129.4,3,4,4
1107,90,20,129.38,3,4,4
4337,65,9,129.34,3,2,4
1062,103,16,129.32,3,4,4
2452,141,11,129.16,3,3,4
2356,121,14,129.0,3,4,4
4692,64,15,129.0,3,4,4
3500,162,17,128.95,2,4,4
4095,1,6,128.9,4,1,4
4637,230,11,128.9,2,3,4
2215,34,14,128.8,4,4,4
4427,333,12,128.7,1,3,4
4485,158,12,128.55,2,3,4
4340,5,13,128.5,4,3,4
4515,198,19,128.5,2,4,4
3232,12,16,128.45,4,4,4
2315,10,14,128.42,4,4,4
2186,120,20,128.25,3,4,4
4169,36,15,128.2,4,4,4
3081,463,15,128.03,1,4,4
1606,49,8,128.0,4,2,4
2194,208,15,127.91,2,4,4
1758,307,14,127.84,1,4,4
1759,95,12,127.8,3,3,4
2757,14,10,127.8,4,3,4
2504,138,11,127.7,3,3,4
4546,118,11,127.7,3,3,4
1878,33,21,127.61,4,4,4
3354,31,15,127.6,4,4,4
1500,284,16,127.52,1,4,4
2860,10,14,127.48,4,4,4
4780,102,20,127.22,3,4,4
1668,131,11,127.2,3,3,4
4194,233,14,127.2,2,4,4
4880,475,6,127.1,1,1,4
3294,180,13,127.05,2,3,4
4164,461,10,127.05,1,3,4
1225,224,19,127.0,2,4,4
2160,85,12,126.96,3,3,4
4160,140,13,126.92,3,3,4
1929,173,21,126.9,2,4,4
2617,222,16,126.85,2,4,4
2475,50,14,126.8,4,4,4
4107,45,12,126.65,4,3,4
3954,323,7,126.5,1,2,4
1783,176,18,126.24,2,4,4
1853,213,9,126.1,2,2,4
4182,131,14,126.1,3,4,4
1289,52,11,125.9,4,3,4
1740,404,16,125.8,1,4,4
1690,131,16,125.8,3,4,4
4776,66,17,125.7,3,4,4
1703,312,14,125.6,1,4,4
2692,82,10,125.6,3,3,4
2507,0,13,125.6,4,3,4
4718,117,13,125.49,3,3,4
3903,85,19,125.4,3,4,4
2950,81,15,125.34,3,4,4
3504,55,18,125.28,4,4,4
2597,137,15,125.25,3,4,4
3613,86,12,125.24,3,3,4
3769,306,11,125.15,1,3,4
4569,156,12,125.14,2,3,4
1242,16,17,125.11,4,4,4
4110,32,16,124.95,4,4,4
4938,20,16,124.87,4,4,4
1523,277,10,124.75,2,3,4
3297,223,12,124.7,2,3,4
4117,20,15,124.64,4,4,4
3655,317,5,124.6,1,1,4
1050,240,14,124.6,2,4,4
1753,131,17,124.5,3,4,4
1286,140,16,124.45,3,4,4
2465,3,11,124.3,4,3,4
1343,59,10,124.22,3,3,4
4223,84,17,124.2,3,4,4
1126,227,9,124.2,2,2,4
4719,2,16,124.1,4,4,4
2907,376,17,124.05,1,4,4
4580,31,8,124.02,4,2,4
3539,340,14,124.0,1,4,4
2580,43,12,124.0,4,3,4
3102,26,7,123.86,4,2,4
1269,91,14,123.62,3,4,4
4853,87,12,123.6,3,3,4
3054,185,18,123.6,2,4,4
2707,73,17,123.56,3,4,4
4362,172,15,123.55,2,4,4
2534,52,14,123.52,4,4,4
3460,36,16,123.5,4,4,4
3041,106,14,123.49,3,4,4
1497,81,9,123.42,3,2,4
3683,25,14,123.12,4,4,4
3042,3,22,123.1,4,4,4
3863,200,14,122.92,2,4,4
4191,57,13,122.8,4,3,4
3910,12,13,122.74,4,3,4
4760,272,18,122.7,2,4,4
3298,218,10,122.7,2,3,4
3900,10,14,122.64,4,4,4
1768,117,19,122.61,3,4,4
4736,162,11,122.6,2,3,4
1501,135,10,122.6,3,3,4
2303,518,6,122.6,1,1,4
4336,81,15,122.5,3,4,4
3794,34,11,122.4,4,3,4
2167,22,9,122.4,4,2,4
4643,28,16,122.15,4,4,4
3911,129,16,122.04,3,4,4
2672,34,12,121.8,4,3,4
2510,92,14,121.8,3,4,4
4448,358,12,121.7,1,3,4
1692,185,15,121.65,2,4,4
3814,162,13,121.64,2,3,4
2307,184,11,121.62,2,3,4
2850,278,9,121.6,2,2,4
3549,151,20,121.6,2,4,4
3360,46,10,121.6,4,3,4
2494,118,16,121.4,3,4,4
4623,175,14,121.4,2,4,4
4886,338,10,121.31,1,3,4
1209,414,9,121.29,1,2,4
2321,197,13,121.2,2,3,4
4968,47,7,121.2,4,2,4
2338,22,11,121.2,4,3,4
1114,173,16,121.12,2,4,4
4179,284,9,121.1,1,2,4
1823,33,11,120.9,4,3,4
1549,287,9,120.85,1,2,4
2336,84,11,120.84,3,3,4
4073,58,13,120.75,3,3,4
3044,92,19,120.62,3,4,4
2157,62,11,120.56,3,3,4
1971,103,8,120.55,3,2,4
4190,3,21,120.49,4,4,4
1294,373,12,120.4,1,3,4
3597,17,6,120.3,4,1,4
3328,76,11,120.12,3,3,4
3689,154,10,120.1,2,3,4
3835,105,21,120.05,3,4,4
3967,37,16,119.99,4,4,4
3600,34,15,119.92,4,4,4
4019,124,17,119.9,3,4,4
3786,233,13,119.9,2,3,4
3699,18,9,119.8,4,2,4
4170,172,15,119.65,2,4,4
3962,101,14,119.65,3,4,4
1636,25,12,119.6,4,3,4
2552,359,13,119.52,1,3,4
3296,135,14,119.5,3,4,4
3891,38,13,119.49,4,3,4
4766,92,17,119.26,3,4,4
4147,105,12,119.1,3,3,4
1780,78,21,119.05,3,4,4
3947,200,10,119.0,2,3,4
3604,226,15,119.0,2,4,4
4091,2,14,118.95,4,4,4
2004,131,13,118.8,3,3,4
4962,276,11,118.8,2,3,4
1148,94,19,118.76,3,4,4
4505,257,13,118.75,2,3,4
4743,179,13,118.64,2,3,4
3818,13,14,118.6,4,4,4
4550,51,15,118.6,4,4,4
1160,40,15,118.51,4,4,4
1628,41,15,118.4,4,4,4
1330,58,11,118.4,3,3,4
1895,402,13,118.38,1,3,4
3160,238,10,118.26,2,3,4
1347,106,13,118.2,3,3,4
4556,135,9,118.2,3,2,4
4440,29,12,118.2,4,3,4
3931,297,13,118.1,1,3,4
3067,33,10,118.08,4,3,4
3300,85,11,117.95,3,3,4
4787,140,12,117.9,3,3,4
4779,51,16,117.9,4,4,4
4722,14,10,117.9,4,3,4
2840,145,15,117.9,2,4,4
2166,20,15,117.75,4,4,4
3476,185,15,117.68,2,4,4
4305,159,15,117.66,2,4,4
2201,222,14,117.65,2,4,4
1741,10,13,117.6,4,3,4
1022,571,6,117.5,1,1,4
3122,60,24,117.42,3,4,4
2715,177,15,117.4,2,4,4
3141,44,17,117.4,4,4,4
3356,221,16,117.3,2,4,4
2311,59,17,117.2,3,4,4
3829,150,8,117.2,2,2,4
2869,20,14,117.1,4,4,4
3444,631,8,117.06,1,2,4
3189,37,17,117.04,4,4,4
1632,15,14,117.04,4,4,4
4470,7,14,117.0,4,4,4
3200,273,8,116.9,2,2,4
2063,33,13,116.9,4,3,4
4563,186,12,116.8,2,3,4
3396,230,13,116.8,2,3,4
2652,4,13,116.69,4,3,4
3488,9,7,116.65,4,2,4
4537,10,13,116.5,4,3,4
4669,188,10,116.48,2,3,4
3804,192,9,116.32,2,2,4
2349,166,16,116.32,2,4,4
2816,80,24,116.3,3,4,4
2885,41,14,116.0,4,4,4
3620,195,15,116.0,2,4,4
3206,78,12,115.91,3,3,4
1486,16,17,115.9,4,4,4
1945,244,14,115.9,2,4,4
1513,48,10,115.8,4,3,4
3523,51,15,115.55,4,4,4
1674,26,12,115.55,4,3,4
1930,45,13,115.3,4,3,4
3637,8,13,115.3,4,3,4
4289,83,9,115.3,3,2,4
1482,38,20,115.28,4,4,4
4071,76,9,115.26,3,2,4
3785,501,9,115.2,1,2,4
4387,105,17,115.2,3,4,4
1661,52,17,115.16,4,4,4
2341,373,10,115.02,1,3,4
1254,255,5,115.0,2,1,4
4152,195,16,115.0,2,4,4
1973,67,2,114.9,3,1,3
2700,45,9,114.88,4,2,3
1639,81,7,114.8,3,2,3
4352,1,13,114.75,4,3,3
4598,42,18,114.7,4,4,3
2453,9,15,114.69,4,4,3
1954,146,11,114.62,2,3,3
3435,417,10,114.6,1,3,3
4426,207,15,114.5,2,4,3
1480,39,13,114.44,4,3,3
1535,180,8,114.36,2,2,3
4652,266,13,114.3,2,3,3
1305,220,12,114.3,2,3,3
1178,45,11,114.24,4,3,3
3113,195,12,114.1,2,3,3
4162,8,14,114.0,4,4,3
3095,78,16,114.0,3,4,3
4608,35,12,114.0,4,3,3
4784,110,5,114.0,3,1,3
3491,65,14,113.8,3,4,3
1041,272,10,113.75,2,3,3
1493,90,15,113.7,3,4,3
3111,7,16,113.7,4,4,3
4150,126,12,113.7,3,3,3
3139,253,16,113.66,2,4,3
3204,236,11,113.62,2,3,3
2043,253,16,113.56,2,4,3
1162,146,12,113.5,2,3,3
4720,311,13,113.4,1,3,3
2235,66,13,113.35,3,3,3
3353,138,19,113.35,3,4,3
1658,118,12,113.3,3,3,3
2035,7,11,113.22,4,3,3
3552,119,13,113.16,3,3,3
4178,47,20,113.15,4,4,3
3719,13,19,113.1,4,4,3
4933,306,21,113.05,1,4,3
2863,541,7,113.0,1,2,3
1750,325,12,112.96,1,3,3
1279,111,17,112.9,3,4,3
3746,51,13,112.9,4,3,3
3653,51,11,112.8,4,3,3
1765,294,8,112.8,1,2,3
3224,291,10,112.76,1,3,3
3329,312,13,112.6,1,3,3
1179,475,5,112.6,1,1,3
1472,102,16,112.6,3,4,3
2592,90,15,112.54,3,4,3
4573,7,16,112.5,4,4,3
3573,271,9,112.4,2,2,3
1067,163,8,112.3,2,2,3
3370,48,11,112.1,4,3,3
3817,366,14,112.0,1,4,3
4859,112,8,112.0,3,2,3
1947,532,9,112.0,1,2,3
2061,3,9,112.0,4,2,3
1026,216,16,111.95,2,4,3
4213,129,8,111.9,3,2,3
1476,126,13,111.84,3,3,3
2925,19,16,111.8,4,4,3
2991,317,12,111.78,1,3,3
4323,13,12,111.7,4,3,3
1742,18,9,111.7,4,2,3
4872,432,12,111.62,1,3,3
2478,484,5,111.45,1,1,3
4326,54,12,111.36,4,3,3
4463,57,10,111.3,4,3,3
2401,11,10,111.3,4,3,3
1896,379,12,111.3,1,3,3
2097,90,11,111.27,3,3,3
2128,142,11,111.23,2,3,3
2562,411,10,111.2,1,3,3
3203,145,12,111.2,2,3,3
4469,73,7,111.2,3,2,3
2358,15,9,111.16,4,2,3
4579,62,16,111.15,3,4,3
4891,85,13,111.1,3,3,3
2406,23,17,110.96,4,4,3
2320,387,10,110.9,1,3,3
4444,85,15,110.8,3,4,3
3998,16,17,110.8,4,4,3
1454,69,11,110.7,3,3,3
4975,58,13,110.7,3,3,3
4939,77,16,110.7,3,4,3
4077,148,14,110.7,2,4,3
3588,15,13,110.7,4,3,3
4814,108,14,110.7,3,4,3
1863,148,14,110.6,2,4,3
2325,258,15,110.58,2,4,3
2666,16,16,110.55,4,4,3
3864,18,15,110.5,4,4,3
1946,22,12,110.5,4,3,3
2104,71,9,110.4,3,2,3
3364,107,12,110.4,3,3,3
3656,294,9,110.15,1,2,3
2339,589,10,110.0,1,3,3
4893,304,8,109.9,1,2,3
2129,141,15,109.9,3,4,3
1808,162,10,109.8,2,3,3
1073,27,12,109.8,4,3,3
1844,47,15,109.72,4,4,3
4224,24,12,109.6,4,3,3
1588,78,8,109.54,3,2,3
3675,149,11,109.5,2,3,3
4785,108,12,109.42,3,3,3
4741,96,16,109.4,3,4,3
1776,259,14,109.3,2,4,3
2231,27,15,109.2,4,4,3
4606,229,13,109.2,2,3,3
1892,40,15,109.12,4,4,3
1655,40,9,109.1,4,2,3
4531,75,17,109.07,3,4,3
3275,65,8,109.0,3,2,3
4281,73,13,108.96,3,3,3
2262,56,10,108.95,4,3,3
1185,128,10,108.9,3,3,3
2176,144,13,108.8,2,3,3
4852,131,20,108.8,3,4,3
1754,104,14,108.8,3,4,3
4855,243,10,108.8,2,3,3
4827,33,14,108.7,4,4,3
3348,25,14,108.65,4,4,3
1557,148,4,108.6,2,1,3
2204,94,12,108.6,3,3,3
4120,19,11,108.6,4,3,3
4618,14,12,108.5,4,3,3
4627,12,4,108.5,4,1,3
2102,234,12,108.5,2,3,3
3669,323,12,108.48,1,3,3
1491,0,11,108.4,4,3,3
2727,15,10,108.4,4,3,3
2246,123,5,108.3,3,1,3
1277,29,15,108.21,4,4,3
1297,382,9,108.15,1,2,3
1806,177,10,108.12,2,3,3
2226,296,13,108.1,1,3,3
1951,69,6,108.1,3,1,3
4015,278,17,108.04,2,4,3
3390,29,11,108.04,4,3,3
2083,53,12,108.0,4,3,3
1757,7,15,108.0,4,4,3
4712,381,10,107.9,1,3,3
4769,101,12,107.85,3,3,3
3133,5,8,107.8,4,2,3
1211,220,16,107.75,2,4,3
2395,408,5,107.6,1,1,3
1028,172,13,107.6,2,3,3
1290,99,13,107.5,3,3,3
2162,194,10,107.5,2,3,3
2107,33,18,107.5,4,4,3
3190,39,12,107.46,4,3,3
3793,145,18,107.42,2,4,3
1285,162,14,107.4,2,4,3
4673,385,7,107.4,1,2,3
4793,36,10,107.4,4,3,3
4680,125,9,107.39,3,2,3
4906,91,11,107.34,3,3,3
4358,54,6,107.3,4,1,3
2300,102,10,107.3,3,3,3
1634,27,19,107.3,4,4,3
1810,443,12,107.2,1,3,3
2711,108,14,107.2,3,4,3
1428,346,13,107.14,1,3,3
1656,61,12,107.14,3,3,3
2730,50,11,107.11,4,3,3
1724,112,11,107.0,3,3,3
1475,13,10,106.93,4,3,3
3997,79,10,106.9,3,3,3
1603,91,15,106.75,3,4,3
1835,191,10,106.64,2,3,3
4704,131,11,106.6,3,3,3
2813,44,15,106.6,4,4,3
1396,161,8,106.52,2,2,3
1097,59,17,106.48,3,4,3
2364,113,15,106.3,3,4,3
3583,27,15,106.2,4,4,3
1450,44,15,106.1,4,4,3
4227,132,7,106.1,3,2,3
4922,13,10,106.0,4,3,3
1978,299,6,105.9,1,1,3
2255,12,12,105.85,4,3,3
2337,137,13,105.8,3,3,3
2362,37,14,105.75,4,4,3
2909,236,11,105.7,2,3,3
4455,4,16,105.66,4,4,3
1788,10,16,105.55,4,4,3
4207,124,15,105.55,3,4,3
3685,126,9,105.55,3,2,3
1652,288,12,105.5,1,3,3
3094,85,17,105.45,3,4,3
4693,134,18,105.39,3,4,3
4812,217,15,105.3,2,4,3
1468,82,15,105.24,3,4,3
2656,14,10,105.1,4,3,3
2509,168,8,105.1,2,2,3
1884,19,12,105.05,4,3,3
2873,118,16,105.0,3,4,3
4134,32,14,104.95,4,4,3
1252,261,10,104.9,2,3,3
1825,39,13,104.9,4,3,3
4843,231,11,104.85,2,3,3
3214,8,15,104.8,4,4,3
2469,98,13,104.8,3,3,3
1381,282,15,104.75,1,4,3
1016,86,11,104.7,3,3,3
4660,173,8,104.7,2,2,3
2701,501,11,104.69,1,3,3
4373,140,7,104.6,3,2,3
2590,14,10,104.5,4,3,3
3342,191,8,104.5,2,2,3
2236,330,13,104.36,1,3,3
1092,82,20,104.31,3,4,3
2691,56,10,104.3,4,3,3
4217,12,25,104.25,4,4,3
3226,431,8,104.2,1,2,3
3790,63,13,104.1,3,4,3
3721,179,10,104.02,2,3,3
1735,511,5,104.0,1,1,3
1992,124,8,103.8,3,2,3
3355,28,6,103.8,4,1,3
1326,51,11,103.8,4,3,3
3281,66,6,103.7,3,1,3
3137,128,18,103.7,3,4,3
4274,91,12,103.6,3,3,3
2196,82,14,103.4,3,4,3
1591,285,10,103.2,1,3,3
2604,101,14,103.1,3,4,3
1559,88,7,103.0,3,2,3
2081,342,10,103.0,1,3,3
3421,232,11,102.75,2,3,3
1083,327,7,102.7,1,2,3
1440,24,12,102.6,4,3,3
4554,125,9,102.6,3,2,3
2175,299,13,102.52,1,4,3
1767,67,12,102.36,3,3,3
4042,13,16,102.35,4,4,3
3728,48,13,102.35,4,4,3
2305,93,7,102.34,3,2,3
1612,54,16,102.3,4,4,3
2633,33,16,102.2,4,4,3
1406,2,12,102.2,4,3,3
4845,79,8,102.2,3,2,3
3409,19,13,102.2,4,4,3
2937,152,17,102.16,2,4,3
3470,87,9,102.14,3,2,3
3917,108,13,102.14,3,4,3
4817,10,12,102.0,4,3,3
2037,255,8,101.95,2,2,3
4645,1,20,101.9,4,4,3
4060,19,7,101.9,4,2,3
2055,52,17,101.85,4,4,3
4175,335,7,101.8,1,2,3
4239,322,4,101.8,1,1,3
2815,111,8,101.8,3,2,3
3107,44,14,101.7,4,4,3
2191,50,10,101.67,4,3,3
4201,77,12,101.65,3,3,3
1587,182,13,101.62,2,4,3
2359,124,13,101.62,3,4,3
4519,57,5,101.6,4,1,3
1276,37,13,101.5,4,4,3
1153,22,17,101.5,4,4,3
1958,180,7,101.5,2,2,3
3030,381,10,101.4,1,3,3
4757,197,12,101.4,2,3,3
3758,117,13,101.4,3,4,3
2693,58,11,101.4,3,3,3
1716,501,8,101.2,1,2,3
1380,39,11,101.1,4,3,3
2893,18,11,101.1,4,3,3
1779,63,9,101.1,3,2,3
3937,41,10,101.1,4,3,3
1968,88,11,101.0,3,3,3
1361,113,17,100.9,3,4,3
2238,24,12,100.9,4,3,3
3229,145,12,100.8,2,3,3
2879,2,13,100.7,4,4,3
1970,567,9,100.7,1,2,3
2459,99,13,100.7,3,4,3
1191,144,6,100.6,2,1,3
2646,49,7,100.6,4,2,3
1505,64,8,100.56,3,2,3
2518,180,12,100.5,2,3,3
3572,174,4,100.4,2,1,3
2391,25,15,100.4,4,4,3
1789,69,10,100.4,3,3,3
3051,31,13,100.2,4,4,3
3140,125,12,100.13,3,3,3
4871,45,7,100.12,4,2,3
2688,38,13,100.1,4,4,3
3176,151,13,100.1,2,4,3
3595,13,17,100.1,4,4,3
1663,49,13,100.1,4,4,3
1001,242,12,100.0,2,3,3
1710,25,6,100.0,4,1,3
3846,336,12,99.97,1,3,3
2286,26,6,99.9,4,1,3
3976,101,13,99.88,3,4,3
1390,303,12,99.87,1,3,3
2581,16,12,99.85,4,3,3
4698,66,7,99.8,3,2,3
1928,104,9,99.8,3,2,3
2519,210,14,99.7,2,4,3
1256,123,12,99.65,3,3,3
4384,99,14,99.6,3,4,3
4883,124,10,99.52,3,3,3
3751,363,9,99.5,1,2,3
4990,16,8,99.4,4,2,3
4255,119,11,99.36,3,3,3
2496,28,8,99.36,4,2,3
4809,93,12,99.26,3,3,3
1850,294,8,99.2,1,2,3
3919,84,10,99.2,3,3,3
1901,31,12,99.2,4,3,3
2761,249,15,99.18,2,4,3
4879,79,9,99.15,3,2,3
3005,171,11,99.1,2,3,3
2678,32,11,99.05,4,3,3
1045,35,8,98.9,4,2,3
1922,84,19,98.9,3,4,3
3062,151,11,98.82,2,3,3
2817,8,10,98.8,4,3,3
4295,65,11,98.7,3,3,3
4600,169,11,98.65,2,3,3
3591,119,8,98.65,3,2,3
2245,229,8,98.56,2,2,3
2563,1,14,98.55,4,4,3
4395,188,8,98.5,2,2,3
2806,633,10,98.5,1,3,3
4700,186,16,98.45,2,4,3
2574,19,11,98.44,4,3,3
3548,202,15,98.41,2,4,3
2430,344,12,98.4,1,3,3
1699,96,10,98.4,3,3,3
1358,1,12,98.4,4,3,3
1233,139,19,98.36,3,4,3
3529,108,15,98.35,3,4,3
4101,244,8,98.3,2,2,3
2867,7,15,98.22,4,4,3
4482,30,11,98.2,4,3,3
4646,152,12,98.14,2,3,3
2393,257,14,98.1,2,4,3
4981,354,9,98.1,1,2,3
4942,37,10,98.1,4,3,3
4959,183,12,98.1,2,3,3
1492,335,11,98.0,1,3,3
2719,214,14,98.0,2,4,3
3789,79,11,97.92,3,3,3
2756,37,10,97.9,4,3,3
4402,447,5,97.9,1,1,3
2291,101,12,97.85,3,3,3
3349,536,8,97.8,1,2,3
3228,338,8,97.8,1,2,3
2332,15,13,97.8,4,4,3
4717,228,15,97.72,2,4,3
2154,290,11,97.7,1,3,3
2589,245,18,97.64,2,4,3
2502,259,14,97.62,2,4,3
1183,184,16,97.6,2,4,3
3099,165,12,97.6,2,3,3
4230,55,9,97.6,4,2,3
4821,32,14,97.59,4,4,3
2525,44,11,97.54,4,3,3
4313,155,10,97.42,2,3,3
1882,96,6,97.4,3,1,3
1391,131,13,97.4,3,4,3
1814,40,12,97.4,4,3,3
4765,178,8,97.35,2,2,3
1372,188,10,97.3,2,3,3
4068,19,12,97.3,4,3,3
4691,79,8,97.26,3,2,3
1731,40,12,97.2,4,3,3
4610,164,12,97.05,2,3,3
4012,228,13,97.0,2,4,3
2047,10,12,96.8,4,3,3
1488,32,8,96.8,4,2,3
4993,324,10,96.78,1,3,3
1176,135,14,96.65,3,4,3
3215,162,10,96.64,2,3,3
2803,430,11,96.62,1,3,3
3842,77,9,96.6,3,2,3
1363,77,13,96.6,3,4,3
1206,229,14,96.6,2,4,3
2897,337,6,96.6,1,1,3
3643,101,15,96.59,3,4,3
4105,27,10,96.5,4,3,3
3693,44,8,96.5,4,2,3
1032,129,16,96.46,3,4,3
3745,126,13,96.44,3,4,3
3022,45,9,96.4,4,2,3
3262,22,16,96.4,4,4,3
2751,330,11,96.37,1,3,3
3323,21,11,96.36,4,3,3
4715,385,12,96.3,1,3,3
2515,161,12,96.28,2,3,3
4892,261,12,96.2,2,3,3
3153,83,16,96.2,3,4,3
2901,508,8,96.15,1,2,3
2641,304,12,96.1,1,3,3
1432,148,11,96.1,2,3,3
2982,188,12,95.9,2,3,3
4932,40,14,95.9,4,4,3
1856,65,8,95.9,3,2,3
2910,26,15,95.8,4,4,3
2556,124,10,95.8,3,3,3
2208,153,8,95.8,2,2,3
1553,162,14,95.7,2,4,3
4796,127,14,95.6,3,4,3
4688,89,16,95.6,3,4,3
4676,349,12,95.5,1,3,3
3117,91,12,95.5,3,3,3
2535,50,13,95.5,4,4,3
4467,38,11,95.4,4,3,3
4862,229,12,95.3,2,3,3
2049,84,9,95.3,3,2,3
2092,54,16,95.3,4,4,3
1479,229,14,95.29,2,4,3
2127,41,12,95.22,4,3,3
1278,21,15,95.2,4,4,3
4914,31,9,95.16,4,2,3
2054,15,12,95.12,4,3,3
2986,225,17,95.1,2,4,3
3100,221,12,95.1,2,3,3
1582,146,6,95.06,2,1,3
3312,6,9,95.05,4,2,3
1836,113,6,95.0,3,1,3
3972,205,14,95.0,2,4,3
1130,103,11,94.95,3,3,3
3433,90,7,94.9,3,2,3
2200,81,10,94.9,3,3,3
3882,72,12,94.85,3,3,3
1641,190,12,94.7,2,3,3
1043,354,8,94.69,1,2,3
1213,107,11,94.6,3,3,3
4214,84,13,94.6,3,4,3
1018,221,8,94.6,2,2,3
4750,100,11,94.52,3,3,3
1503,135,9,94.5,3,2,3
3089,74,11,94.5,3,3,3
4232,11,12,94.45,4,3,3
1335,73,12,94.45,3,3,3
2170,195,10,94.45,2,3,3
3343,234,10,94.44,2,3,3
1086,2,14,94.4,4,4,3
4969,218,13,94.36,2,4,3
4036,218,12,94.35,2,3,3
2906,175,11,94.35,2,3,3
2290,111,11,94.2,3,3,3
4678,13,12,94.2,4,3,3
4269,273,9,94.2,2,2,3
1108,153,12,94.06,2,3,3
1967,64,15,93.95,3,4,3
1473,89,10,93.9,3,3,3
1109,268,12,93.9,2,3,3
2265,96,14,93.85,3,4,3
1611,270,10,93.85,2,3,3
2419,130,9,93.8,3,2,3
1899,67,12,93.64,3,3,3
4890,107,12,93.6,3,3,3
3713,333,8,93.6,1,2,3
2306,82,13,93.54,3,4,3
4050,177,9,93.5,2,2,3
1293,65,11,93.46,3,3,3
3996,121,6,93.4,3,1,3
1443,82,11,93.4,3,3,3
2137,614,4,93.3,1,1,3
1532,193,6,93.3,2,1,3
1923,24,12,93.15,4,3,3
1515,32,13,93.1,4,4,3
2947,167,7,93.1,2,2,3
4923,98,13,93.07,3,4,3
4345,336,6,93.06,1,1,3
4997,3,6,93.0,4,1,3
2376,216,8,93.0,2,2,3
2149,221,9,93.0,2,2,3
3083,467,10,92.95,1,3,3
1377,291,11,92.9,1,3,3
3894,17,12,92.9,4,3,3
2792,67,15,92.9,3,4,3
2764,2,13,92.75,4,4,3
1355,102,13,92.7,3,4,3
4059,237,9,92.7,2,2,3
1551,141,13,92.7,3,4,3
1288,458,7,92.68,1,2,3
4008,225,9,92.62,2,2,3
3527,92,12,92.62,3,3,3
3205,19,13,92.6,4,4,3
1427,34,16,92.4,4,4,3
3109,184,9,92.4,2,2,3
3797,105,14,92.4,3,4,3
2439,60,10,92.34,3,3,3
2579,266,6,92.3,2,1,3
1893,270,8,92.3,2,2,3
3672,216,13,92.2,2,4,3
4634,229,8,92.2,2,2,3
3104,209,18,92.15,2,4,3
4308,25,19,92.12,4,4,3
4180,49,13,92.11,4,4,3
1797,411,11,92.09,1,3,3
4596,208,10,92.0,2,3,3
1281,211,9,91.9,2,2,3
4283,558,7,91.9,1,2,3
1838,280,10,91.9,2,3,3
3321,5,14,91.8,4,4,3
3799,415,6,91.8,1,1,3
4119,235,9,91.8,2,2,3
3661,33,12,91.74,4,3,3
2971,337,7,91.62,1,2,3
4038,54,14,91.6,4,4,3
4456,144,17,91.55,2,4,3
4406,217,17,91.42,2,4,3
1033,198,12,91.3,2,3,3
1966,433,16,91.24,1,4,3
4054,238,5,91.2,2,1,3
2569,167,7,91.1,2,2,3
2019,46,18,91.1,4,4,3
4808,132,11,91.08,3,3,3
2217,28,8,91.05,4,2,3
3334,241,9,91.0,2,2,3
3471,79,10,90.9,3,3,3
3306,1,16,90.8,4,4,3
2532,177,12,90.75,2,3,3
1320,345,10,90.72,1,3,3
3193,333,13,90.6,1,4,3
2279,400,8,90.6,1,2,3
3315,41,13,90.5,4,4,3
1069,132,10,90.45,3,3,3
3913,284,12,90.42,1,3,3
3646,144,9,90.4,2,2,3
2916,200,13,90.39,2,4,3
1371,233,6,90.3,2,1,3
4098,327,11,90.1,1,3,3
2131,125,12,90.0,3,3,3
3778,27,12,89.9,4,3,3
3185,303,11,89.9,1,3,3
3138,255,13,89.9,2,4,3
4204,75,10,89.84,3,3,3
1011,21,13,89.8,4,4,3
4106,127,13,89.8,3,4,3
4084,57,11,89.8,4,3,3
4206,384,14,89.75,1,4,3
2355,159,12,89.7,2,3,3
3556,91,10,89.66,3,3,3
4464,70,17,89.6,3,4,3
2237,324,9,89.6,1,2,3
3524,395,12,89.55,1,3,3
2277,346,7,89.46,1,2,3
4226,24,9,89.45,4,2,3
2975,67,13,89.4,3,4,3
1308,291,8,89.4,1,2,3
3029,213,6,89.36,2,1,3
1010,152,12,89.36,2,3,3
4127,48,11,89.35,4,3,3
1155,3,8,89.3,4,2,3
4641,31,10,89.3,4,3,3
3744,22,12,89.3,4,3,3
1982,16,7,89.2,4,2,3
3586,220,8,89.2,2,2,3
1079,112,6,89.1,3,1,3
3849,380,12,89.01,1,3,3
1648,243,10,89.0,2,3,3
2273,33,14,89.0,4,4,3
1328,281,10,88.82,1,3,3
2938,188,7,88.8,2,2,3
3686,123,8,88.6,3,2,3
3757,189,18,88.55,2,4,3
2932,285,17,88.5,1,4,3
2781,212,13,88.5,2,4,3
3765,201,9,88.4,2,2,3
4915,103,16,88.4,3,4,3
4976,166,7,88.4,2,2,3
2212,63,12,88.4,3,3,3
1309,273,11,88.35,2,3,3
1100,293,10,88.3,1,3,3
4498,255,11,88.2,2,3,3
4039,3,12,88.2,4,3,3
1816,496,10,88.11,1,3,3
2874,112,16,88.1,3,4,3
3614,246,10,88.1,2,3,3
1442,121,13,88.1,3,4,3
4782,136,10,88.05,3,3,3
4109,87,13,87.95,3,4,3
2972,223,10,87.9,2,3,3
4710,235,9,87.9,2,2,3
1076,77,13,87.9,3,4,3
4925,377,11,87.89,1,3,3
2242,208,12,87.82,2,3,3
3668,12,13,87.8,4,4,3
2564,169,10,87.8,2,3,3
4344,238,9,87.8,2,2,3
1837,174,12,87.75,2,3,3
3748,78,11,87.7,3,3,3
3907,66,8,87.7,3,2,3
3773,33,8,87.6,4,2,3
2445,427,8,87.6,1,2,3
3857,56,14,87.4,4,4,3
4924,107,14,87.4,3,4,3
1723,22,10,87.34,4,3,3
1749,360,8,87.34,1,2,3
4617,401,9,87.3,1,2,3
4040,271,11,87.3,2,3,3
4249,26,11,87.28,4,3,3
4007,7,11,87.2,4,3,3
3848,42,14,87.12,4,4,3
1103,403,10,87.1,1,3,3
4806,36,11,87.0,4,3,3
4986,332,12,86.95,1,3,3
4929,156,14,86.95,2,4,3
3443,68,8,86.9,3,2,3
2011,7,18,86.86,4,4,3
3282,191,11,86.83,2,3,3
4837,28,10,86.8,4,3,3
3430,258,16,86.8,2,4,3
2467,84,12,86.8,3,3,3
2865,56,8,86.8,4,2,3
1521,369,6,86.8,1,1,3
3365,66,15,86.75,3,4,3
2029,175,11,86.7,2,3,3
2832,58,11,86.65,3,3,3
2413,17,14,86.65,4,4,3
3806,124,7,86.6,3,2,3
1168,299,9,86.6,1,2,3
1743,47,14,86.6,4,4,3
2436,36,11,86.6,4,3,3
1384,11,15,86.6,4,4,3
2643,29,12,86.55,4,3,3
3059,382,9,86.54,1,2,3
1398,259,8,86.51,2,2,3
2434,103,7,86.5,3,2,3
3596,254,12,86.5,2,3,3
4392,32,12,86.42,4,3,3
4296,126,10,86.4,3,3,3
2570,128,11,86.4,3,3,3
1796,57,14,86.4,4,4,3
4291,21,14,86.36,4,4,3
2266,91,9,86.3,3,2,3
1412,44,12,86.27,4,3,3
4577,56,6,86.25,4,1,3
4113,139,12,86.2,3,3,3
2777,212,10,86.2,2,3,3
4989,194,10,86.2,2,3,3
2660,475,4,86.2,1,1,3
3935,181,8,86.2,2,2,3
3680,36,9,86.12,4,2,3
2233,124,9,86.05,3,2,3
4022,152,8,86.0,2,2,3
3775,64,15,86.0,3,4,3
4146,324,15,85.9,1,4,3
1392,254,6,85.9,2,1,3
2543,139,10,85.85,3,3,3
1719,104,13,85.84,3,4,3
2915,421,4,85.8,1,1,3
1748,297,19,85.8,1,4,3
4382,47,4,85.8,4,1,3
2905,69,6,85.8,3,1,3
3167,56,7,85.7,4,2,3
1807,12,6,85.7,4,1,3
2883,79,10,85.7,3,3,3
3295,155,10,85.63,2,3,3
1910,61,10,85.6,3,3,3
2449,175,8,85.6,2,2,3
2500,24,9,85.55,4,2,3
1601,21,6,85.5,4,1,3
3537,97,12,85.5,3,3,3
1528,106,8,85.5,3,2,3
2428,131,17,85.45,3,4,3
1614,70,4,85.42,3,1,3
3924,62,14,85.4,3,4,3
1820,267,10,85.4,2,3,3
2689,244,15,85.4,2,4,3
3639,396,9,85.4,1,2,3
2256,131,9,85.35,3,2,3
1952,37,10,85.3,4,3,3
1687,439,11,85.3,1,3,3
1778,373,6,85.3,1,1,3
2649,32,9,85.2,4,2,3
3184,40,14,85.2,4,4,3
1127,76,12,85.16,3,3,3
3530,560,6,85.14,1,1,3
4603,343,10,85.12,1,3,3
3681,77,10,85.1,3,3,3
4492,199,9,85.0,2,2,3
3559,181,12,84.92,2,3,3
3599,39,11,84.85,4,3,3
1474,154,12,84.8,2,3,3
4538,32,8,84.8,4,2,3
2665,261,4,84.66,2,1,3
3311,182,8,84.66,2,2,3
4076,222,12,84.6,2,3,3
1226,48,10,84.55,4,3,3
3363,1,13,84.5,4,4,3
3084,65,14,84.5,3,4,3
2014,190,19,84.5,2,4,3
1526,34,11,84.49,4,3,3
2884,2,8,84.45,4,2,3
3079,295,8,84.3,1,2,3
2587,211,13,84.25,2,4,3
2287,14,8,84.2,4,2,3
3154,191,11,84.12,2,3,3
2065,342,14,84.0,1,4,3
2005,99,13,83.99,3,4,3
4221,306,8,83.96,1,2,3
3574,55,14,83.9,4,4,3
4064,104,6,83.9,3,1,3
3592,16,14,83.86,4,4,3
3161,52,9,83.7,4,2,3
1581,139,6,83.7,3,1,3
2495,155,11,83.7,2,3,3
2073,195,9,83.65,2,2,3
2551,70,6,83.6,3,1,3
3703,197,12,83.5,2,3,3
4543,68,6,83.5,3,1,3
2221,12,6,83.42,4,1,3
3619,267,10,83.4,2,3,3
2638,446,5,83.4,1,1,3
2169,59,11,83.4,3,3,3
4228,256,13,83.36,2,4,3
2775,54,10,83.3,4,3,3
4233,197,11,83.3,2,3,3
1224,466,4,83.3,1,1,3
3627,542,4,83.3,1,1,3
2316,205,6,83.16,2,1,3
2288,213,12,83.12,2,3,3
1994,86,12,83.1,3,3,3
4148,265,12,83.05,2,3,3
1034,596,9,83.05,1,2,3
1152,164,8,83.05,2,2,3
2386,25,12,83.0,4,3,3
1736,123,12,83.0,3,3,3
1564,68,8,83.0,3,2,3
3049,328,4,82.9,1,1,3
1647,10,7,82.88,4,2,3
4613,227,12,82.82,2,3,3
3982,92,15,82.79,3,4,3
4749,318,9,82.75,1,2,3
4940,131,8,82.75,3,2,3
1340,42,14,82.7,4,4,3
2683,141,8,82.7,3,2,3
2872,102,8,82.69,3,2,3
2071,77,10,82.66,3,3,3
4375,86,12,82.6,3,3,3
4662,43,15,82.54,4,4,3
2225,246,10,82.5,2,3,3
2930,282,14,82.5,1,4,3
4126,419,7,82.4,1,2,3
2000,129,7,82.4,3,2,3
1725,429,6,82.35,1,1,3
2762,12,9,82.35,4,2,3
1420,22,11,82.35,4,3,3
3868,133,5,82.35,3,1,3
3013,131,13,82.3,3,4,3
4869,271,10,82.3,2,3,3
2319,234,6,82.3,2,1,3
2331,32,13,82.22,4,4,3
4396,201,4,82.22,2,1,3
3468,46,11,82.2,4,3,3
3053,5,9,82.2,4,2,3
2122,267,10,82.15,2,3,3
2754,242,10,82.1,2,3,3
3544,270,10,82.1,2,3,3
3704,93,12,82.1,3,3,3
1303,113,14,82.0,3,4,3
1315,53,6,82.0,4,1,3
1851,172,10,82.0,2,3,3
1696,87,13,81.95,3,4,3
1804,30,9,81.9,4,2,3
4398,51,10,81.9,4,3,3
1993,175,9,81.9,2,2,3
2269,101,6,81.9,3,1,3
4772,376,10,81.85,1,3,3
3171,439,3,81.8,1,1,3
3357,205,9,81.7,2,2,3
4690,375,9,81.7,1,2,3
2068,206,12,81.65,2,3,3
2973,382,12,81.6,1,3,3
2416,55,9,81.6,4,2,3
2139,258,12,81.6,2,3,3
3419,25,10,81.55,4,3,3
4761,113,12,81.55,3,3,3
2240,29,12,81.54,4,3,3
4638,422,8,81.52,1,2,3
2110,154,8,81.5,2,2,3
3375,248,7,81.5,2,2,3
3456,111,13,81.5,3,4,3
1638,293,8,81.5,1,2,3
1520,307,6,81.5,1,1,3
3850,118,8,81.5,3,2,3
3590,214,13,81.42,2,4,3
1800,152,12,81.4,2,3,3
3273,95,9,81.4,3,2,3
4367,45,12,81.31,4,3,3
2404,76,11,81.3,3,3,3
3609,18,10,81.3,4,3,3
2724,244,6,81.2,2,1,3
3479,281,8,81.2,1,2,3
4306,2,12,81.15,4,3,3
2989,334,11,81.1,1,3,3
4471,305,9,81.0,1,2,3
1142,200,8,81.0,2,2,3
4461,320,9,81.0,1,2,3
4894,7,8,81.0,4,2,3
1833,159,10,80.8,2,3,3
1141,380,9,80.8,1,2,3
3756,28,10,80.7,4,3,3
3735,32,9,80.7,4,2,3
1857,111,5,80.7,3,1,3
1053,174,12,80.7,2,3,3
2218,181,13,80.6,2,4,3
2790,0,8,80.5,4,2,3
3036,103,16,80.44,3,4,3
4067,75,6,80.4,3,1,3
3902,31,7,80.4,4,2,3
3158,452,9,80.4,1,2,3
3304,30,10,80.3,4,3,3
1075,41,11,80.3,4,3,3
1325,218,9,80.3,2,2,3
2513,15,12,80.3,4,3,3
2948,194,10,80.24,2,3,3
3899,6,16,80.2,4,4,3
3260,28,8,80.2,4,2,3
1552,720,2,80.1,1,1,3
1399,385,9,80.1,1,2,3
2159,166,8,80.06,2,2,3
4632,87,10,80.0,3,3,3
4154,181,8,80.0,2,2,3
3589,56,13,80.0,4,4,3
4536,108,11,80.0,3,3,3
4394,412,9,79.9,1,2,3
2514,58,10,79.9,3,3,3
1684,361,8,79.9,1,2,3
4842,22,12,79.89,4,3,3
2396,496,11,79.85,1,3,3
4133,156,13,79.8,2,4,3
2446,113,9,79.8,3,2,3
4286,109,13,79.8,3,4,3
4320,19,15,79.8,4,4,3
4212,243,11,79.75,2,3,3
1766,343,5,79.75,1,1,3
3811,189,21,79.6,2,4,3
4897,400,8,79.6,1,2,3
2708,316,6,79.5,1,1,3
1311,184,8,79.5,2,2,3
3149,704,3,79.5,1,1,3
4840,208,10,79.4,2,3,3
2942,332,12,79.35,1,3,3
2274,359,11,79.34,1,3,3
1424,82,6,79.3,3,1,3
3015,81,10,79.3,3,3,3
3236,179,10,79.2,2,3,3
1712,487,5,79.1,1,1,3
4058,0,7,78.99,4,2,3
2152,118,11,78.9,3,3,3
2241,73,9,78.9,3,2,3
3867,114,8,78.88,3,2,3
4144,54,8,78.8,4,2,3
2697,541,4,78.7,1,1,3
4740,89,10,78.7,3,3,3
1697,43,15,78.66,4,4,3
3227,30,15,78.66,4,4,3
3327,240,14,78.53,2,4,3
2379,102,6,78.5,3,1,3
1885,5,11,78.5,4,3,3
1345,162,10,78.36,2,3,3
3385,185,11,78.33,2,3,3
1161,291,7,78.3,1,2,3
3063,2,10,78.2,4,3,3
2800,89,13,78.15,3,4,3
3009,138,14,78.1,3,4,3
4334,50,15,78.05,4,4,3
4449,275,10,78.0,2,3,3
3447,33,13,78.0,4,4,3
2636,110,10,78.0,3,3,3
2410,39,11,78.0,4,3,3
2327,22,10,78.0,4,3,3
3658,95,9,77.9,3,2,3
2805,122,11,77.85,3,3,3
4835,21,13,77.84,4,4,3
4097,32,14,77.8,4,4,3
3280,170,6,77.8,2,1,3
2974,4,9,77.7,4,2,3
4322,27,11,77.7,4,3,3
4555,53,14,77.7,4,4,3
3241,101,9,77.6,3,2,3
2431,64,12,77.57,3,3,3
4319,52,14,77.56,4,4,3
2530,122,11,77.54,3,3,3
1349,17,11,77.52,4,3,3
2876,61,12,77.32,3,3,3
1461,9,8,77.3,4,2,3
2871,10,8,77.25,4,2,3
2630,318,7,77.24,1,2,3
3660,442,10,77.2,1,3,3
2653,23,12,77.15,4,3,3
3673,125,8,76.95,3,2,3
2038,227,10,76.95,2,3,3
4199,1,11,76.94,4,3,3
4363,182,6,76.9,2,1,3
4314,242,17,76.9,2,4,3
2505,30,11,76.9,4,3,3
4037,1,10,76.9,4,3,3
2979,143,10,76.85,2,3,3
3724,19,6,76.8,4,1,3
4004,234,10,76.8,2,3,3
4411,161,6,76.8,2,1,3
1969,160,14,76.76,2,4,3
1215,346,9,76.71,1,2,3
2464,164,8,76.7,2,2,3
2902,136,7,76.7,3,2,3
1339,32,12,76.7,4,3,3
4372,153,16,76.65,2,4,3
3368,296,6,76.65,1,1,3
4659,369,8,76.6,1,2,3
1974,241,5,76.6,2,1,3
4121,59,15,76.52,3,4,3
3237,185,13,76.5,2,4,3
4527,73,11,76.5,3,3,3
2958,199,10,76.4,2,3,3
3038,353,12,76.3,1,3,3
2407,295,10,76.3,1,3,3
2999,149,8,76.3,2,2,3
4504,117,14,76.3,3,4,3
1660,157,7,76.25,2,2,3
2132,376,11,76.2,1,3,3
3519,17,13,76.2,4,4,3
4240,26,15,76.17,4,4,3
1955,320,8,76.12,1,2,3
4786,395,7,76.1,1,2,3
4459,12,12,76.1,4,3,3
2571,166,8,76.1,2,2,3
2864,149,10,76.04,2,3,3
3808,134,10,76.0,3,3,3
3930,171,8,76.0,2,2,3
2696,119,11,76.0,3,3,3
1506,370,5,76.0,1,1,3
1987,76,9,76.0,3,2,3
4066,393,8,75.9,1,2,3
3210,7,8,75.9,4,2,3
1012,41,11,75.86,4,3,3
4268,249,12,75.75,2,3,3
2565,93,12,75.74,3,3,3
3866,176,10,75.7,2,3,3
3853,179,6,75.7,2,1,3
1055,219,6,75.7,2,1,3
3223,511,3,75.6,1,1,3
4500,205,10,75.6,2,3,3
3831,77,12,75.55,3,3,3
3106,598,8,75.54,1,2,3
2483,63,8,75.5,3,2,3
3407,280,9,75.5,2,2,3
2877,264,6,75.5,2,1,3
1017,91,11,75.49,3,3,3
4371,192,9,75.45,2,2,3
2613,129,17,75.45,3,4,3
3132,123,10,75.4,3,3,3
4838,333,8,75.3,1,2,3
1171,239,10,75.3,2,3,3
2766,133,7,75.2,3,2,3
3999,44,13,75.2,4,4,3
2026,411,4,75.2,1,1,3
1014,88,10,75.1,3,3,3
2610,70,7,75.04,3,2,3
3839,473,9,75.0,1,2,3
3033,461,8,75.0,1,2,3
1354,29,13,74.95,4,4,3
3035,31,13,74.9,4,4,3
3027,106,9,74.9,3,2,3
2448,1,17,74.9,4,4,3
2243,106,10,74.9,3,3,3
4910,35,6,74.9,4,1,3
3439,127,11,74.9,3,3,3
2561,133,9,74.85,3,2,3
3127,392,10,74.8,1,3,3
4195,90,10,74.76,3,3,3
2481,36,6,74.76,4,1,3
2188,32,10,74.75,4,3,2
3570,119,11,74.7,3,3,2
1911,211,7,74.66,2,2,2
1113,147,11,74.65,2,3,2
2544,335,9,74.6,1,2,2
3905,194,16,74.59,2,4,2
2312,229,9,74.5,2,2,2
4728,115,10,74.49,3,3,2
1900,97,10,74.44,3,3,2
1234,40,10,74.44,4,3,2
3486,7,12,74.4,4,3,2
2695,179,8,74.3,2,2,2
2211,31,13,74.3,4,4,2
2940,53,11,74.2,4,3,2
2207,266,8,74.2,2,2,2
2575,292,4,74.2,1,1,2
4908,224,7,74.19,2,2,2
1544,308,9,74.16,1,2,2
1426,175,10,74.04,2,3,2
3339,22,9,74.0,4,2,2
2795,238,12,74.0,2,3,2
4762,61,13,73.98,3,4,2
3665,98,8,73.96,3,2,2
2441,180,15,73.92,2,4,2
3254,72,10,73.92,3,3,2
4558,269,6,73.9,2,1,2
4813,148,7,73.9,2,2,2
4706,37,6,73.9,4,1,2
1020,78,10,73.84,3,3,2
4025,56,12,73.82,4,3,2
2969,22,8,73.7,4,2,2
1102,186,10,73.7,2,3,2
3587,147,11,73.62,2,3,2
2181,190,7,73.6,2,2,2
1123,48,11,73.6,4,3,2
3034,222,10,73.5,2,3,2
1019,385,2,73.5,1,1,2
3645,18,11,73.5,4,3,2
1670,38,9,73.5,4,2,2
2250,76,8,73.4,3,2,2
3320,627,6,73.4,1,1,2
2025,412,8,73.4,1,2,2
2360,315,6,73.3,1,1,2
2553,163,14,73.23,2,4,2
4501,198,13,73.22,2,4,2
2072,32,12,73.2,4,3,2
2048,14,12,73.2,4,3,2
1194,231,9,73.2,2,2,2
4733,296,9,73.14,1,2,2
4432,96,10,73.1,3,3,2
4648,83,9,73.1,3,2,2
2703,100,9,73.0,3,2,2
3644,89,7,73.0,3,2,2
1467,132,5,73.0,3,1,2
1924,43,14,72.99,4,4,2
1622,294,10,72.96,1,3,2
2705,44,6,72.94,4,1,2
2146,193,6,72.9,2,1,2
4977,132,9,72.85,3,2,2
4357,81,9,72.8,3,2,2
4431,44,14,72.8,4,4,2
1139,345,9,72.8,1,2,2
2900,263,12,72.72,2,3,2
2559,429,6,72.7,1,1,2
4405,161,10,72.7,2,3,2
1756,98,9,72.6,3,2,2
4474,20,11,72.5,4,3,2
3058,156,8,72.4,2,2,2
4416,7,16,72.3,4,4,2
4725,28,10,72.22,4,3,2
4616,136,13,72.2,3,4,2
3647,302,5,72.2,1,1,2
3400,301,12,72.2,1,3,2
1834,38,7,72.16,4,2,2
3928,95,10,72.12,3,3,2
4114,145,10,72.1,2,3,2
3736,33,12,72.1,4,3,2
2105,343,5,72.06,1,1,2
4478,26,9,72.05,4,2,2
1938,236,10,72.0,2,3,2
3066,24,12,72.0,4,3,2
2616,228,8,72.0,2,2,2
2681,242,6,72.0,2,1,2
1074,75,10,71.96,3,3,2
2829,11,10,71.9,4,3,2
1693,3,12,71.9,4,3,2
2661,243,8,71.9,2,2,2
4878,100,7,71.8,3,2,2
3309,63,16,71.67,3,4,2
1599,78,13,71.64,3,4,2
2804,346,9,71.6,1,2,2
4865,408,5,71.5,1,1,2
2366,134,13,71.5,3,4,2
2977,44,12,71.5,4,3,2
1702,350,12,71.5,1,3,2
3762,132,11,71.4,3,3,2
3271,3,6,71.4,4,1,2
1015,240,7,71.4,2,2,2
4529,220,10,71.36,2,3,2
3384,31,10,71.35,4,3,2
4650,381,11,71.32,1,3,2
4246,29,8,71.3,4,2,2
2786,280,7,71.3,2,2,2
4896,67,8,71.3,3,2,2
3730,156,8,71.25,2,2,2
2830,191,11,71.2,2,3,2
3678,541,6,71.2,1,1,2
1478,321,8,71.2,1,2,2
1773,59,9,71.1,3,2,2
3255,55,17,71.1,4,4,2
4819,90,12,71.05,3,3,2
2542,36,8,71.0,4,2,2
3428,289,8,71.0,1,2,2
4609,53,4,71.0,4,1,2
2980,247,7,70.96,2,2,2
3575,236,11,70.96,2,3,2
1367,147,5,70.9,2,1,2
3764,50,12,70.8,4,3,2
1962,205,10,70.8,2,3,2
3017,93,6,70.8,3,1,2
3213,376,7,70.79,1,2,2
1516,336,4,70.72,1,1,2
2782,204,9,70.7,2,2,2
4511,184,7,70.7,2,2,2
2460,12,9,70.7,4,2,2
4675,60,10,70.6,3,3,2
2861,28,12,70.55,4,3,2
4970,144,7,70.5,2,2,2
1337,5,4,70.5,4,1,2
3671,80,9,70.46,3,2,2
2533,372,7,70.4,1,2,2
3716,50,9,70.4,4,2,2
2921,398,9,70.4,1,2,2
1918,92,4,70.4,3,1,2
1824,59,9,70.4,3,2,2
4183,349,17,70.39,1,4,2
4013,287,9,70.38,1,2,2
1411,313,4,70.32,1,1,2
4041,75,10,70.3,3,3,2
1002,122,8,70.3,3,2,2
4177,198,10,70.3,2,3,2
4122,68,9,70.25,3,2,2
4074,111,9,70.2,3,2,2
2521,16,10,70.2,4,3,2
1417,103,10,70.1,3,3,2
3717,214,10,70.1,2,3,2
2680,141,8,70.1,3,2,2
4901,319,8,70.0,1,2,2
2087,265,10,70.0,2,3,2
2726,395,8,69.92,1,2,2
1035,113,14,69.9,3,4,2
1875,154,5,69.9,2,1,2
2185,80,11,69.9,3,3,2
3884,267,5,69.8,2,1,2
4860,411,13,69.76,1,4,2
2882,188,11,69.75,2,3,2
1188,355,8,69.7,1,2,2
2412,292,6,69.7,1,1,2
2328,311,7,69.7,1,2,2
3640,83,8,69.65,3,2,2
3129,522,6,69.65,1,1,2
3623,237,4,69.6,2,1,2
3985,68,15,69.6,3,4,2
3986,42,12,69.6,4,3,2
2744,225,8,69.5,2,2,2
2488,133,7,69.5,3,2,2
1615,27,12,69.5,4,3,2
2239,17,12,69.41,4,3,2
2955,207,15,69.4,2,4,2
3208,40,12,69.4,4,3,2
2091,72,11,69.4,3,3,2
2134,95,7,69.4,3,2,2
2809,264,6,69.35,2,1,2
4697,110,12,69.32,3,3,2
3285,171,7,69.3,2,2,2
2702,217,9,69.3,2,2,2
4414,341,7,69.26,1,2,2
3399,164,15,69.26,2,4,2
4088,98,10,69.23,3,3,2
2119,97,8,69.2,3,2,2
4963,366,8,69.1,1,2,2
1205,291,10,69.1,1,3,2
3338,135,9,69.1,3,2,2
2299,50,7,69.07,4,2,2
4003,7,9,69.04,4,2,2
2796,74,12,69.0,3,3,2
4231,353,5,68.9,1,1,2
3615,119,10,68.9,3,3,2
2732,272,10,68.9,2,3,2
4794,64,11,68.8,3,3,2
1151,104,5,68.8,3,1,2
3023,155,9,68.8,2,2,2
3480,237,12,68.8,2,3,2
2929,434,4,68.7,1,1,2
4192,14,15,68.7,4,4,2
4310,306,7,68.7,1,2,2
3277,425,7,68.6,1,2,2
1217,315,8,68.6,1,2,2
4672,55,7,68.6,4,2,2
1115,342,8,68.5,1,2,2
4103,157,9,68.5,2,2,2
1304,135,7,68.5,3,2,2
1868,424,7,68.5,1,2,2
1722,125,13,68.45,3,4,2
1403,228,10,68.4,2,3,2
1212,152,8,68.4,2,2,2
3459,147,9,68.4,2,2,2
4928,134,3,68.4,3,1,2
4686,48,13,68.3,4,4,2
3222,147,10,68.22,2,3,2
2118,165,5,68.2,2,1,2
2247,213,11,68.15,2,3,2
4931,240,14,68.1,2,4,2
2424,458,6,68.1,1,1,2
4591,200,9,68.0,2,2,2
1550,230,7,67.95,2,2,2
4489,41,8,67.94,4,2,2
3664,214,8,67.9,2,2,2
2020,41,9,67.8,4,2,2
1937,74,13,67.8,3,4,2
2842,154,4,67.8,2,1,2
2462,280,5,67.78,2,1,2
4899,292,9,67.7,1,2,2
1867,276,11,67.7,2,3,2
2923,423,5,67.6,1,1,2
1125,41,11,67.56,4,3,2
2712,95,13,67.54,3,4,2
2583,279,5,67.5,2,1,2
4823,470,8,67.46,1,2,2
3698,122,11,67.45,3,3,2
3798,117,6,67.36,3,1,2
1815,122,11,67.3,3,3,2
2314,35,10,67.3,4,3,2
1128,178,10,67.25,2,3,2
1747,378,11,67.2,1,3,2
1680,385,6,67.2,1,1,2
2635,104,6,67.2,3,1,2
1831,355,7,67.15,1,2,2
4684,404,10,67.1,1,3,2
2914,30,9,67.1,4,2,2
4781,38,6,67.1,4,1,2
1270,249,6,67.06,2,1,2
3168,14,12,67.0,4,3,2
1829,194,8,67.0,2,2,2
1562,233,6,66.9,2,1,2
3650,166,6,66.9,2,1,2
1230,41,13,66.85,4,4,2
2402,115,10,66.83,3,3,2
4061,235,6,66.8,2,1,2
1307,191,12,66.7,2,3,2
1784,95,7,66.7,3,2,2
2085,252,8,66.7,2,2,2
1140,187,8,66.7,2,2,2
1883,55,10,66.7,4,3,2
4294,27,14,66.6,4,4,2
4607,15,8,66.6,4,2,2
2880,57,8,66.5,4,2,2
1518,19,7,66.45,4,2,2
4561,482,9,66.4,1,2,2
1070,420,4,66.4,1,1,2
3953,231,9,66.3,2,2,2
4360,310,6,66.25,1,1,2
4159,2,6,66.2,4,1,2
4748,15,12,66.2,4,3,2
4732,392,2,66.2,1,1,2
2780,80,6,66.2,3,1,2
3183,145,7,66.1,2,2,2
2044,14,9,66.01,4,2,2
4075,359,8,66.0,1,2,2
2983,110,4,66.0,3,1,2
1527,0,14,65.9,4,4,2
1082,596,5,65.8,1,1,2
2058,209,12,65.76,2,3,2
1795,271,4,65.75,2,1,2
2622,90,11,65.7,3,3,2
2917,582,6,65.7,1,1,2
4544,343,12,65.65,1,3,2
2623,81,9,65.5,3,2,2
4238,18,8,65.5,4,2,2
2261,184,13,65.5,2,4,2
1781,207,6,65.46,2,1,2
4403,101,11,65.45,3,3,2
3010,138,11,65.44,3,3,2
3612,94,14,65.44,3,4,2
4100,252,8,65.35,2,2,2
3256,153,9,65.3,2,2,2
2528,72,7,65.3,3,2,2
2165,115,12,65.3,3,3,2
3740,590,2,65.2,1,1,2
4532,31,6,65.1,4,1,2
2749,191,7,65.1,2,2,2
3123,380,9,65.1,1,2,2
4654,472,7,65.06,1,2,2
1926,75,6,65.0,3,1,2
4348,263,12,65.0,2,3,2
2257,229,8,64.9,2,2,2
3760,38,15,64.76,4,4,2
3516,17,7,64.7,4,2,2
3520,51,11,64.67,4,3,2
3394,17,7,64.66,4,2,2
1031,76,7,64.6,3,2,2
4716,304,4,64.6,1,1,2
3324,128,11,64.5,3,3,2
2420,94,9,64.5,3,2,2
3457,416,6,64.43,1,1,2
3802,76,4,64.4,3,1,2
4370,572,8,64.35,1,2,2
3534,49,6,64.3,4,1,2
2470,230,11,64.3,2,3,2
4381,91,6,64.3,3,1,2
4260,44,12,64.2,4,3,2
2203,186,2,64.2,2,1,2
3374,125,5,64.2,3,1,2
2824,23,9,64.2,4,2,2
1332,28,15,64.1,4,4,2
2023,121,7,64.1,3,2,2
2309,1,12,64.07,4,3,2
1195,56,6,64.06,4,1,2
4723,222,6,64.0,2,1,2
3440,9,6,63.9,4,1,2
2503,325,2,63.9,1,1,2
1274,538,7,63.88,1,2,2
3485,161,6,63.8,2,1,2
1413,381,7,63.8,1,2,2
4457,118,10,63.8,3,3,2
1319,134,9,63.8,3,2,2
3925,280,8,63.72,2,2,2
4582,47,9,63.7,4,2,2
3837,232,5,63.6,2,1,2
4687,98,10,63.6,3,3,2
4404,446,7,63.6,1,2,2
1514,128,10,63.54,3,3,2
2111,308,8,63.51,1,2,2
3784,199,9,63.5,2,2,2
4770,594,7,63.5,1,2,2
3567,87,5,63.5,3,1,2
4602,126,3,63.5,3,1,2
3895,564,10,63.45,1,3,2
2548,5,10,63.45,4,3,2
4390,344,5,63.4,1,1,2
4957,515,6,63.4,1,1,2
3984,330,6,63.4,1,1,2
3934,243,11,63.36,2,3,2
2823,439,5,63.3,1,1,2
1446,484,8,63.26,1,2,2
2807,180,11,63.2,2,3,2
2924,41,11,63.16,4,3,2
1351,307,6,63.1,1,1,2
1718,291,7,62.95,1,2,2
2750,107,8,62.95,3,2,2
2664,101,8,62.9,3,2,2
1249,445,5,62.8,1,1,2
3705,114,11,62.8,3,3,2
3088,27,8,62.8,4,2,2
2135,339,8,62.8,1,2,2
2260,61,8,62.75,3,2,2
2935,355,10,62.7,1,3,2
4244,60,10,62.7,3,3,2
1362,85,5,62.7,3,1,2
1774,145,12,62.65,2,3,2
2351,358,6,62.64,1,1,2
1644,535,5,62.62,1,1,2
3666,262,12,62.6,2,3,2
4193,122,8,62.54,3,2,2
1846,31,12,62.5,4,3,2
1365,58,12,62.5,3,3,2
1495,355,9,62.5,1,2,2
2034,80,6,62.46,3,1,2
1903,295,10,62.45,1,3,2
4578,478,9,62.44,1,2,2
2489,8,10,62.42,4,3,2
3690,223,12,62.4,2,3,2
3869,151,8,62.4,2,2,2
4935,272,8,62.4,2,2,2
4726,175,8,62.4,2,2,2
1295,160,8,62.35,2,2,2
4284,77,10,62.3,3,3,2
1049,116,8,62.3,3,2,2
4604,21,4,62.3,4,1,2
3978,160,4,62.3,2,1,2
2148,164,10,62.25,2,3,2
3952,61,9,62.16,3,2,2
3316,357,7,62.16,1,2,2
4475,271,5,62.1,2,1,2
2669,97,11,62.1,3,3,2
1207,46,8,62.06,4,2,2
4583,310,10,62.05,1,3,2
3961,6,10,61.9,4,3,2
4597,170,6,61.9,2,1,2
4876,312,8,61.9,1,2,2
2698,340,8,61.8,1,2,2
2624,134,4,61.8,3,1,2
2912,336,11,61.79,1,3,2
1331,31,9,61.75,4,2,2
3086,270,12,61.74,2,3,2
3463,97,8,61.74,3,2,2
4157,360,6,61.7,1,1,2
4873,118,7,61.7,3,2,2
1223,30,10,61.6,4,3,2
1864,94,8,61.6,3,2,2
1202,161,10,61.6,2,3,2
4410,79,11,61.55,3,3,2
3424,136,11,61.54,3,3,2
2741,93,12,61.5,3,3,2
3927,21,9,61.5,4,2,2
4629,44,10,61.42,4,3,2
1849,188,8,61.42,2,2,2
3145,44,8,61.4,4,2,2
1678,46,8,61.4,4,2,2
4744,63,15,61.4,3,4,2
2115,42,7,61.4,4,2,2
4508,84,13,61.4,3,4,2
4991,373,10,61.34,1,3,2
3754,342,6,61.3,1,1,2
3379,343,5,61.3,1,1,2
3020,125,8,61.3,3,2,2
2508,3,9,61.25,4,2,2
1904,256,6,61.2,2,1,2
1525,431,5,61.1,1,1,2
1370,178,11,61.1,2,3,2
2639,48,8,61.1,4,2,2
3987,133,11,61.05,3,3,2
4622,475,8,60.94,1,2,2
4264,233,9,60.9,2,2,2
3616,420,7,60.9,1,2,2
1629,205,6,60.9,2,1,2
2125,188,6,60.9,2,1,2
3742,130,4,60.86,3,1,2
4359,97,9,60.85,3,2,2
4450,153,7,60.8,2,2,2
2945,164,5,60.8,2,1,2
2956,28,11,60.8,4,3,2
1298,156,7,60.8,2,2,2
3551,159,9,60.7,2,2,2
1489,190,13,60.7,2,4,2
2606,338,8,60.7,1,2,2
3220,53,12,60.7,4,3,2
3420,306,6,60.7,1,1,2
1003,323,8,60.65,1,2,2
4285,1,8,60.65,4,2,2
2388,406,8,60.62,1,2,2
3912,358,7,60.6,1,2,2
2699,32,10,60.55,4,3,2
3219,148,7,60.54,2,2,2
3921,419,8,60.4,1,2,2
1536,242,8,60.4,2,2,2
4016,253,6,60.4,2,1,2
2685,84,12,60.4,3,3,2
4620,294,9,60.36,1,2,2
2927,330,10,60.36,1,3,2
2920,80,11,60.3,3,3,2
2904,104,9,60.3,3,2,2
3731,423,9,60.22,1,2,2
1533,53,6,60.14,4,1,2
1847,257,9,60.05,2,2,2
2422,49,10,60.0,4,3,2
3252,130,12,60.0,3,3,2
4954,97,8,60.0,3,2,2
4116,243,8,60.0,2,2,2
3452,59,8,60.0,3,2,2
4881,155,8,59.94,2,2,2
1174,322,11,59.9,1,3,2
1822,302,12,59.9,1,3,2
4965,80,4,59.9,3,1,2
3515,180,12,59.8,2,3,2
2172,303,5,59.8,1,1,2
3382,412,10,59.75,1,3,2
4507,137,6,59.7,3,1,2
1346,236,7,59.7,2,2,2
4664,218,8,59.6,2,2,2
2899,36,11,59.6,4,3,2
3157,448,7,59.52,1,2,2
4053,283,6,59.5,1,1,2
4571,269,6,59.5,2,1,2
2965,571,6,59.45,1,1,2
4665,307,8,59.42,1,2,2
1791,454,8,59.4,1,2,2
3006,3,7,59.3,4,2,2
2536,53,7,59.3,4,2,2
1902,29,7,59.22,4,2,2
1512,101,10,59.21,3,3,2
4256,590,6,59.2,1,1,2
2802,380,8,59.2,1,2,2
2264,352,8,59.2,1,2,2
4586,460,7,59.1,1,2,2
2598,49,3,59.1,4,1,2
1064,158,7,59.1,2,2,2
3838,16,6,59.1,4,1,2
2078,75,6,59.04,3,1,2
3415,217,6,59.0,2,1,2
4593,134,10,59.0,3,3,2
4477,318,7,58.95,1,2,2
1751,280,10,58.9,2,3,2
1214,354,6,58.9,1,1,2
4919,275,8,58.9,2,2,2
2195,173,8,58.76,2,2,2
1088,30,9,58.75,4,2,2
3772,94,8,58.72,3,2,2
2994,536,6,58.7,1,1,2
2276,353,7,58.7,1,2,2
1240,260,12,58.64,2,3,2
1764,45,11,58.6,4,3,2
2934,108,9,58.5,3,2,2
4377,310,11,58.5,1,3,2
1037,14,10,58.44,4,3,2
4254,138,6,58.42,3,1,2
2557,68,6,58.4,3,1,2
3110,525,6,58.4,1,1,2
2846,98,6,58.36,3,1,2
3021,334,10,58.3,1,3,2
3859,91,4,58.3,3,1,2
4369,127,10,58.3,3,3,2
4166,54,14,58.26,4,4,2
1995,201,15,58.22,2,4,2
1024,142,4,58.2,2,1,2
1597,328,8,58.2,1,2,2
1056,51,6,58.2,4,1,2
1306,40,9,58.19,4,2,2
4065,176,13,58.04,2,4,2
2076,26,8,58.0,4,2,2
1348,104,6,58.0,3,1,2
4833,295,7,57.95,1,2,2
4198,287,5,57.9,1,1,2
3861,176,9,57.85,2,3,2
1268,437,9,57.8,1,3,2
1095,61,8,57.76,3,2,2
3816,12,9,57.7,4,3,2
4125,199,11,57.6,2,3,2
4009,169,11,57.6,2,3,2
4161,97,5,57.6,3,1,2
1676,80,10,57.6,3,3,2
2282,233,3,57.6,2,1,2
1772,58,8,57.5,3,2,2
1547,256,7,57.5,2,2,2
2361,88,8,57.5,3,2,2
3851,234,7,57.5,2,2,2
1199,20,13,57.5,4,4,2
2531,493,4,57.5,1,1,2
4219,75,8,57.5,3,2,2
1763,3,7,57.45,4,2,2
4035,149,12,57.4,2,3,2
1664,273,10,57.4,2,3,2
2875,59,7,57.4,3,2,2
1246,366,8,57.4,1,2,2
2679,379,6,57.39,1,1,2
2326,31,9,57.3,4,3,2
2471,139,9,57.3,3,3,2
4547,346,6,57.3,1,1,2
3257,320,11,57.25,1,3,2
3840,155,10,57.22,2,3,2
4898,157,6,57.2,2,1,2
1953,296,4,57.2,1,1,2
1578,190,8,57.2,2,2,2
2657,223,6,57.2,2,1,2
3936,511,4,57.15,1,1,2
2472,347,8,57.1,1,2,2
4768,292,4,57.0,1,1,2
1302,92,10,56.96,3,3,2
2506,3,8,56.9,4,2,2
1988,113,6,56.9,3,1,2
3594,110,4,56.8,3,1,2
2933,268,8,56.8,2,2,2
2158,151,11,56.8,2,3,2
4089,87,6,56.65,3,1,2
1843,24,9,56.65,4,3,2
2371,122,6,56.6,3,1,2
3310,230,11,56.55,2,3,2
4443,415,7,56.5,1,2,2
2837,102,11,56.45,3,3,2
2444,196,8,56.43,2,2,2
2106,36,12,56.4,4,3,2
3202,46,7,56.4,4,2,2
3893,259,11,56.34,2,3,2
2671,156,8,56.3,2,2,2
3055,134,5,56.2,3,1,2
4173,233,4,56.2,2,1,2
4132,393,9,56.16,1,3,2
4619,197,5,56.1,2,1,2
3750,227,6,56.1,2,1,2
1498,63,8,56.1,3,2,2
1394,220,4,56.1,2,1,2
1739,213,4,55.9,2,1,2
3975,306,4,55.8,1,1,2
2939,149,8,55.8,2,2,2
4705,222,10,55.8,2,3,2
4343,9,7,55.78,4,2,2
2458,129,6,55.7,3,1,2
4909,65,6,55.7,3,1,2
3279,399,7,55.69,1,2,2
4966,339,6,55.6,1,1,2
3896,111,11,55.6,3,3,2
1517,151,9,55.5,2,3,2
3265,21,7,55.5,4,2,2
4752,226,8,55.45,2,2,2
3770,351,3,55.4,1,1,2
2010,11,12,55.34,4,3,2
4709,509,6,55.3,1,1,2
2843,16,9,55.3,4,3,2
3781,98,7,55.3,3,2,2
1717,51,8,55.3,4,2,2
2074,10,11,55.2,4,3,2
2936,205,4,55.2,2,1,2
3696,423,5,55.1,1,1,2
1912,130,6,55.1,3,1,2
2249,215,4,55.1,2,1,2
1291,285,12,55.0,1,3,2
4080,180,8,54.9,2,2,2
1961,15,12,54.9,4,3,2
1386,152,6,54.8,2,1,2
1689,386,5,54.8,1,1,2
1981,60,4,54.7,3,1,2
3525,319,9,54.7,1,3,2
3554,160,8,54.7,2,2,2
4245,209,9,54.6,2,3,2
1451,337,6,54.56,1,1,2
1852,478,9,54.52,1,3,2
1143,249,12,54.5,2,3,2
4655,150,10,54.5,2,3,2
1449,88,9,54.45,3,3,2
2032,155,7,54.45,2,2,2
1150,26,10,54.4,4,3,2
2903,144,12,54.4,2,3,2
3040,445,4,54.4,1,1,2
2205,298,8,54.3,1,2,2
4439,131,8,54.3,3,2,2
2943,193,8,54.23,2,2,2
4420,308,6,54.2,1,1,2
4559,232,10,54.2,2,3,2
3024,372,5,54.2,1,1,2
2891,181,5,54.15,2,1,2
3813,346,5,54.1,1,1,2
3068,194,7,54.1,2,2,2
1163,16,9,54.1,4,3,2
3330,157,5,54.0,2,1,2
4466,118,9,54.0,3,3,2
1301,57,7,54.0,4,2,2
4764,94,8,53.95,3,2,2
3787,97,9,53.95,3,3,2
1803,232,9,53.9,2,3,2
4649,451,11,53.86,1,3,2
1000,35,13,53.8,4,4,2
2740,181,4,53.8,2,1,2
2368,49,8,53.8,4,2,2
4200,555,3,53.76,1,1,2
3697,88,10,53.73,3,3,2
3473,267,6,53.72,2,1,2
2281,64,2,53.7,3,1,2
2147,48,9,53.6,4,3,2
3667,382,9,53.6,1,3,2
2080,253,5,53.6,2,1,2
2620,16,8,53.55,4,2,2
4711,104,8,53.55,3,2,2
2763,320,10,53.54,1,3,2
4513,56,5,53.49,4,1,2
3401,93,10,53.4,3,3,2
1021,53,8,53.4,4,2,2
4790,137,11,53.39,3,3,2
4385,43,5,53.38,4,1,2
1580,25,16,53.35,4,4,2
4422,437,6,53.32,1,1,2
1111,40,11,53.3,4,3,2
1138,119,6,53.3,3,1,2
3577,232,7,53.3,2,2,2
4615,427,5,53.3,1,1,2
4341,430,7,53.23,1,2,2
2908,290,8,53.2,1,2,2
4771,369,7,53.2,1,2,2
1679,22,11,53.2,4,3,2
1964,394,10,53.17,1,3,2
2586,65,5,53.1,3,1,2
2108,90,6,53.1,3,1,2
2527,141,5,53.1,3,1,2
2352,239,6,53.09,2,1,2
4944,88,9,53.05,3,3,2
2064,131,8,53.0,3,2,2
1524,25,9,52.8,4,3,2
4149,285,9,52.8,1,3,2
1669,133,9,52.74,3,3,2
4950,252,9,52.72,2,3,2
3815,106,9,52.6,3,3,2
3513,123,7,52.5,3,2,2
1378,79,4,52.5,3,1,2
3897,129,13,52.5,3,4,2
3249,373,4,52.35,1,1,2
3941,415,3,52.34,1,1,2
2576,370,4,52.3,1,1,2
2323,368,6,52.3,1,1,2
2833,138,4,52.3,3,1,2
3411,194,8,52.3,2,2,2
4115,222,11,52.22,2,3,2
3378,351,9,52.2,1,3,2
2831,358,9,52.2,1,3,2
3387,234,7,52.12,2,2,2
2768,363,7,52.1,1,2,2
4271,376,5,52.04,1,1,2
1101,367,7,52.0,1,2,2
2397,87,6,51.94,3,1,2
1253,193,6,51.94,2,1,2
2109,63,10,51.9,3,3,2
1485,171,4,51.9,2,1,2
3253,193,4,51.9,2,1,2
2890,248,6,51.86,2,1,2
4856,346,8,51.85,1,2,2
2007,37,6,51.85,4,1,2
1186,248,9,51.83,2,3,2
3969,300,5,51.8,1,1,2
1546,361,9,51.8,1,3,2
1996,234,10,51.75,2,3,2
4868,242,13,51.7,2,4,2
2438,313,4,51.6,1,1,2
1047,143,6,51.6,2,1,2
4465,366,4,51.6,1,1,2
2390,131,14,51.56,3,4,2
4205,311,4,51.5,1,1,2
2345,13,10,51.5,4,3,2
4393,36,5,51.4,4,1,2
1318,95,5,51.3,3,1,2
3860,239,7,51.27,2,2,2
3026,340,14,51.25,1,4,2
3406,68,6,51.2,3,1,2
3810,237,5,51.2,2,1,2
1907,164,5,51.2,2,1,2
3493,331,8,51.1,1,2,2
1881,76,11,51.05,3,3,2
3156,150,6,51.0,2,1,2
1869,228,11,51.0,2,3,2
3198,190,5,51.0,2,1,2
3662,27,8,51.0,4,2,2
3979,105,4,51.0,3,1,2
1813,394,3,50.9,1,1,2
1258,508,6,50.9,1,1,2
1077,109,14,50.9,3,4,2
3496,99,10,50.9,3,3,2
1705,79,8,50.85,3,2,2
4751,41,6,50.8,4,2,2
3426,66,8,50.8,3,2,2
1760,341,8,50.8,1,2,2
4822,179,12,50.8,2,3,2
2392,15,7,50.8,4,2,2
4911,357,10,50.75,1,3,2
2797,109,5,50.7,3,1,2
2353,242,9,50.7,2,3,2
1072,68,4,50.7,3,1,2
1698,161,8,50.64,2,2,2
3235,2,7,50.6,4,2,2
1433,464,4,50.6,1,1,2
4858,318,6,50.6,1,2,2
3601,10,8,50.5,4,2,2
3676,67,6,50.49,3,2,2
4210,145,4,50.44,2,1,2
2728,32,5,50.4,4,1,2
3585,162,4,50.4,2,1,2
4304,319,8,50.36,1,2,2
3674,139,11,50.34,3,3,2
4140,678,6,50.2,1,2,2
3267,346,9,50.2,1,3,2
4172,83,9,50.15,3,3,2
1421,145,11,50.12,2,3,2
3413,98,10,50.1,3,3,2
4493,62,9,50.1,3,3,2
1078,63,7,50.0,3,2,2
1732,215,7,50.0,2,2,2
3886,42,10,50.0,4,3,2
4331,111,6,50.0,3,2,2
4355,39,9,50.0,4,3,2
3729,31,8,49.94,4,2,2
3259,119,9,49.92,3,3,2
4265,18,10,49.9,4,3,2
4605,68,6,49.9,3,2,2
2742,81,9,49.85,3,3,2
1980,76,10,49.83,3,3,2
1812,77,4,49.8,3,1,2
2838,50,7,49.8,4,2,2
1529,196,7,49.7,2,2,2
2450,152,6,49.7,2,2,2
1316,279,6,49.6,2,2,2
1935,489,11,49.6,1,3,2
4413,80,7,49.5,3,2,2
1746,77,10,49.5,3,3,2
1434,397,8,49.5,1,2,2
3916,87,6,49.5,3,2,2
3807,65,6,49.5,3,2,2
3726,218,6,49.5,2,2,2
1423,443,6,49.46,1,2,2
3828,198,9,49.4,2,3,2
2009,80,6,49.4,3,2,2
3209,2,11,49.4,4,3,2
4599,616,4,49.4,1,1,2
2984,309,11,49.4,1,3,2
3264,269,10,49.35,2,3,2
4342,287,10,49.3,1,3,2
1502,60,7,49.3,3,2,2
2522,509,8,49.3,1,2,2
2594,223,8,49.3,2,2,2
2143,158,7,49.3,2,2,2
2827,60,8,49.22,3,2,2
2682,29,11,49.2,4,3,2
1147,409,6,49.2,1,2,2
3611,320,7,49.15,1,2,2
3528,134,11,49.15,3,3,2
4460,171,8,49.15,2,2,2
4085,92,9,49.1,3,3,2
4273,199,8,49.1,2,2,2
1158,74,11,49.1,3,3,2
2126,612,2,49.0,1,1,2
2378,259,4,49.0,2,1,2
4216,246,11,48.9,2,3,2
1568,661,4,48.9,1,1,2
3397,313,6,48.9,1,2,2
3939,323,5,48.89,1,1,2
4229,132,8,48.8,3,2,2
1009,86,9,48.75,3,3,2
3923,337,8,48.74,1,2,2
1260,452,4,48.74,1,1,2
4849,227,7,48.64,2,2,2
1818,111,10,48.6,3,3,2
1631,138,5,48.6,3,1,2
1752,255,10,48.6,2,3,2
4848,77,6,48.5,3,2,2
1499,51,10,48.5,4,3,2
3307,85,11,48.5,3,3,2
2411,618,6,48.4,1,2,2
1134,391,7,48.4,1,2,2
3622,2,10,48.4,4,3,2
4702,52,7,48.39,4,2,2
2516,152,8,48.3,2,2,2
3096,130,7,48.3,3,2,2
1431,53,9,48.3,4,3,2
2753,113,8,48.2,3,2,2
3940,296,4,48.2,1,1,2
3112,225,8,48.2,2,2,2
2062,99,8,48.11,3,2,2
4349,291,7,48.1,1,2,2
3618,449,4,48.1,1,1,2
4903,22,8,48.1,4,2,2
4094,275,10,48.1,2,3,2
1040,34,11,48.1,4,3,2
3989,438,6,48.1,1,2,2
1604,49,8,48.0,4,2,2
4815,705,2,47.9,1,1,2
2295,2,10,47.9,4,3,2
4171,210,8,47.9,2,2,2
4887,413,6,47.9,1,2,2
3694,13,10,47.7,4,3,2
4374,467,4,47.7,1,1,2
1872,128,10,47.7,3,3,2
3302,222,6,47.7,2,2,2
4542,346,6,47.7,1,2,2
2016,137,4,47.6,3,1,2
4651,192,7,47.5,2,2,2
1387,578,6,47.46,1,2,2
1897,339,8,47.4,1,2,2
2039,99,4,47.4,3,1,2
4055,645,3,47.4,1,1,2
4644,127,6,47.4,3,2,2
3263,531,7,47.3,1,2,2
1801,201,11,47.3,2,3,2
2002,71,7,47.3,3,2,2
3563,35,8,47.3,4,2,2
4017,56,8,47.3,4,2,2
4539,296,9,47.3,1,3,2
1848,177,8,47.25,2,2,2
1605,177,11,47.1,2,3,2
2670,245,6,47.1,2,2,2
1280,140,8,47.1,3,2,2
3178,22,12,47.1,4,3,2
1261,223,8,47.05,2,2,2
4185,348,6,47.0,1,2,2
3065,367,7,46.95,1,2,2
4841,13,11,46.9,4,3,2
2859,322,4,46.9,1,1,2
1458,128,7,46.9,3,2,2
1799,94,9,46.82,3,3,2
4713,336,6,46.8,1,2,2
3630,159,4,46.8,2,1,2
2922,4,6,46.7,4,2,2
3195,175,6,46.7,2,2,2
2480,101,13,46.7,3,4,2
3445,90,6,46.7,3,2,2
1262,526,6,46.6,1,2,2
4738,137,6,46.5,3,2,2
2485,226,7,46.45,2,2,2
2709,132,11,46.45,3,3,2
4847,330,9,46.42,1,3,2
3283,181,9,46.4,2,3,2
1359,580,4,46.4,1,1,2
1569,589,8,46.4,1,2,2
4259,189,12,46.37,2,3,2
4361,116,8,46.25,3,2,2
2427,187,9,46.15,2,3,2
4480,566,5,46.06,1,1,2
3003,601,6,46.04,1,2,2
3648,211,3,46.0,2,1,2
3892,163,5,46.0,2,1,2
1589,490,4,46.0,1,1,2
4408,254,9,45.92,2,3,2
2082,37,10,45.9,4,3,2
3212,256,4,45.9,2,1,2
4798,39,8,45.84,4,2,2
3125,451,4,45.8,1,1,2
1842,310,6,45.8,1,2,2
2655,182,5,45.76,2,1,2
3076,22,4,45.7,4,1,2
3011,191,11,45.7,2,3,2
2455,360,4,45.7,1,1,2
3455,42,8,45.7,4,2,2
4069,241,11,45.7,2,3,2
3512,43,4,45.7,4,1,2
2228,214,4,45.66,2,1,2
2183,366,7,45.6,1,2,2
1538,30,6,45.55,4,2,2
1770,41,10,45.52,4,3,2
3966,212,11,45.52,2,3,2
3502,477,11,45.52,1,3,2
1490,87,4,45.5,3,1,2
3487,431,12,45.5,1,3,2
3381,390,4,45.5,1,1,2
3151,96,6,45.45,3,2,2
4298,158,8,45.45,2,2,2
3159,333,7,45.44,1,2,2
4917,393,6,45.4,1,2,2
3801,68,9,45.4,3,3,2
3060,178,7,45.4,2,2,2
4839,11,8,45.34,4,2,2
2941,88,12,45.3,3,3,2
4956,405,8,45.3,1,2,2
3351,77,6,45.2,3,2,2
3344,273,12,45.2,2,3,2
1405,305,6,45.2,1,2,2
4516,23,7,45.2,4,2,2
3965,365,8,45.15,1,2,2
1548,455,6,45.1,1,2,2
2566,333,3,44.92,1,1,2
3541,652,4,44.9,1,1,2
1909,121,7,44.8,3,2,2
4270,325,6,44.72,1,2,2
4034,47,6,44.7,4,2,2
2003,37,6,44.7,4,2,2
4553,200,7,44.7,2,2,2
4626,6,7,44.7,4,2,2
3980,105,10,44.7,3,3,2
4452,37,4,44.6,4,1,2
2113,114,8,44.6,3,2,2
4774,167,4,44.5,2,1,2
4731,270,5,44.4,2,1,2
3303,339,8,44.4,1,2,2
1714,150,5,44.4,2,1,2
4854,372,8,44.35,1,2,2
1425,97,10,44.32,3,3,2
3795,347,8,44.3,1,2,2
1965,148,4,44.2,2,1,2
2156,145,9,44.2,2,3,2
3423,211,8,44.2,2,2,2
1388,271,7,44.2,2,2,2
4415,337,8,44.2,1,2,2
1393,491,7,44.15,1,2,2
4090,307,6,44.12,1,2,2
3191,0,5,44.09,4,1,2
4488,379,6,44.0,1,2,2
4874,7,5,43.95,4,1,2
1054,70,9,43.9,3,3,2
3755,93,6,43.9,3,2,2
3458,139,10,43.9,3,3,2
2644,588,7,43.9,1,2,2
2177,454,6,43.85,1,2,2
4397,186,11,43.84,2,3,2
2981,27,9,43.8,4,3,2
4278,545,4,43.8,1,1,2
3318,162,4,43.8,2,1,2
4339,405,6,43.76,1,2,2
4329,433,7,43.75,1,2,2
1590,137,6,43.7,3,2,2
2642,273,7,43.6,2,2,2
3217,285,6,43.6,1,2,2
2619,371,7,43.56,1,2,1
3341,15,5,43.52,4,1,1
3767,207,9,43.5,2,3,1
1184,197,5,43.5,2,1,1
4818,285,8,43.5,1,2,1
2962,248,9,43.45,2,3,1
2608,102,8,43.4,3,2,1
2545,42,12,43.35,4,3,1
1950,49,10,43.35,4,3,1
4462,206,11,43.3,2,3,1
1877,456,11,43.22,1,3,1
2538,156,7,43.2,2,2,1
4668,332,6,43.2,1,2,1
3169,181,6,43.2,2,2,1
4070,156,6,43.1,2,2,1
1382,92,6,43.0,3,2,1
1730,5,8,43.0,4,2,1
4290,482,7,42.85,1,2,1
2278,142,6,42.84,2,2,1
2588,2,5,42.8,4,1,1
3142,485,11,42.8,1,3,1
4048,236,8,42.65,2,2,1
3759,113,8,42.62,3,2,1
1025,133,6,42.62,3,2,1
3546,38,7,42.6,4,2,1
4978,711,2,42.6,1,1,1
4046,366,9,42.42,1,3,1
3977,258,6,42.4,2,2,1
4647,316,4,42.4,1,1,1
3061,25,8,42.35,4,2,1
1805,204,7,42.3,2,2,1
3532,218,6,42.3,2,2,1
1990,151,6,42.2,2,2,1
1936,137,6,42.2,3,2,1
2818,38,5,42.2,4,1,1
2627,60,8,42.2,3,2,1
3250,262,5,42.1,2,1,1
4502,38,9,42.04,4,3,1
4484,33,6,41.92,4,2,1
4850,168,4,41.9,2,1,1
1977,352,3,41.9,1,1,1
1635,35,6,41.86,4,2,1
4407,314,6,41.85,1,2,1
3359,523,5,41.82,1,1,1
4021,425,6,41.8,1,2,1
2674,483,6,41.7,1,2,1
1667,352,2,41.6,1,1,1
2324,134,6,41.6,3,2,1
3043,359,2,41.4,1,1,1
1775,80,2,41.4,3,1,1
4971,227,6,41.4,2,2,1
2886,383,4,41.4,1,1,1
4895,114,10,41.35,3,3,1
2593,443,6,41.32,1,2,1
2721,142,6,41.3,2,2,1
4282,190,4,41.2,2,1,1
2486,35,5,41.15,4,1,1
2179,258,4,41.15,2,1,1
4300,270,7,41.1,2,2,1
1728,137,7,41.1,3,2,1
3118,1,7,41.0,4,2,1
1570,285,5,41.0,1,1,1
1383,310,6,41.0,1,2,1
1135,173,9,40.97,2,3,1
3039,32,10,40.95,4,3,1
2168,35,7,40.95,4,2,1
4083,502,2,40.9,1,1,1
1840,367,5,40.9,1,1,1
1530,445,5,40.9,1,1,1
1738,455,8,40.85,1,2,1
1282,42,10,40.7,4,3,1
1236,233,5,40.6,2,1,1
2206,74,7,40.5,3,2,1
1511,283,4,40.42,1,1,1
2155,414,8,40.4,1,2,1
3564,179,8,40.3,2,2,1
2949,577,5,40.26,1,1,1
1104,64,10,40.25,3,3,1
3075,76,6,40.2,3,2,1
4401,447,9,40.2,1,3,1
3464,548,4,40.2,1,1,1
3074,261,5,40.14,2,1,1
2173,141,4,40.1,3,1,1
2479,351,10,40.05,1,3,1
2913,179,4,40.03,2,1,1
3514,382,4,40.0,1,1,1
3016,29,7,40.0,4,2,1
4318,489,6,39.95,1,2,1
3291,150,4,39.9,2,1,1
1686,594,6,39.9,1,2,1
2263,181,2,39.9,2,1,1
4196,53,10,39.9,4,3,1
4955,385,6,39.8,1,2,1
2704,42,6,39.8,4,2,1
1263,437,4,39.8,1,1,1
1650,551,6,39.8,1,2,1
4311,389,5,39.8,1,1,1
4250,431,4,39.76,1,1,1
1985,34,8,39.75,4,2,1
4758,389,9,39.7,1,3,1
4168,392,4,39.7,1,1,1
4428,129,6,39.7,3,2,1
1099,139,6,39.7,3,2,1
1919,134,4,39.6,3,1,1
1672,84,6,39.6,3,2,1
2101,10,11,39.6,4,3,1
4888,320,6,39.55,1,2,1
4727,39,10,39.5,4,3,1
4287,146,6,39.5,2,2,1
3233,430,2,39.5,1,1,1
2572,217,2,39.4,2,1,1
4020,263,5,39.4,2,1,1
2301,6,9,39.35,4,3,1
3533,495,2,39.3,1,1,1
2190,80,6,39.1,3,2,1
1323,57,7,39.1,3,2,1
1448,286,4,39.1,1,1,1
1873,102,5,39.1,3,1,1
1720,25,7,39.04,4,2,1
1244,400,8,39.02,1,2,1
1942,441,4,39.0,1,1,1
2626,508,7,39.0,1,2,1
3092,6,6,39.0,4,2,1
1058,50,8,38.9,4,2,1
4724,118,4,38.9,3,1,1
1657,597,6,38.9,1,2,1
3712,10,8,38.82,4,2,1
4167,115,6,38.75,3,2,1
1418,393,7,38.7,1,2,1
1854,157,6,38.7,2,2,1
1858,249,5,38.7,2,1,1
1666,259,4,38.7,2,1,1
4014,45,8,38.66,4,2,1
2967,327,6,38.65,1,2,1
1575,360,10,38.62,1,3,1
1927,229,6,38.6,2,2,1
2123,572,3,38.6,1,1,1
3150,506,6,38.59,1,2,1
2313,315,5,38.54,1,1,1
3888,17,4,38.42,4,1,1
2283,346,7,38.42,1,2,1
1809,429,6,38.4,1,2,1
4551,155,4,38.4,2,1,1
2611,366,7,38.35,1,2,1
2461,87,5,38.3,3,1,1
3441,262,6,38.3,2,2,1
1585,357,8,38.3,1,2,1
2667,197,5,38.29,2,1,1
1828,281,9,38.25,1,3,1
3352,52,7,38.2,4,2,1
3278,396,4,38.2,1,1,1
1181,44,8,38.2,4,2,1
4458,649,6,38.2,1,2,1
4677,76,7,38.2,3,2,1
2095,92,6,38.2,3,2,1
3331,158,7,38.12,2,2,1
4001,192,7,38.1,2,2,1
2791,404,2,38.1,1,1,1
2892,405,5,38.0,1,1,1
4701,244,8,37.95,2,2,1
1701,227,2,37.9,2,1,1
3143,220,6,37.9,2,2,1
3561,367,8,37.9,1,2,1
2476,26,10,37.85,4,3,1
1694,455,6,37.8,1,2,1
4063,48,9,37.8,4,3,1
2546,237,5,37.8,2,1,1
2187,136,6,37.75,3,2,1
3929,54,9,37.74,4,3,1
2737,369,6,37.73,1,2,1
4640,96,9,37.69,3,3,1
4176,239,7,37.66,2,2,1
2951,8,7,37.65,4,2,1
3854,286,7,37.62,1,2,1
1539,94,5,37.6,3,1,1
2778,549,9,37.59,1,3,1
1376,183,7,37.58,2,2,1
3335,481,4,37.5,1,1,1
4534,441,4,37.5,1,1,1
2770,168,5,37.5,2,1,1
4174,438,4,37.5,1,1,1
2027,447,4,37.45,1,1,1
4810,137,4,37.4,3,1,1
3305,189,6,37.34,2,2,1
4696,134,7,37.2,3,2,1
2739,102,4,37.2,3,1,1
1555,278,2,37.2,2,1,1
4317,643,4,37.1,1,1,1
4051,336,6,37.1,1,2,1
2343,214,9,37.1,2,3,1
1409,155,6,37.06,2,2,1
3553,212,6,37.05,2,2,1
4079,101,6,37.0,3,2,1
1627,263,9,37.0,2,3,1
4934,60,8,37.0,3,2,1
3578,228,6,36.96,2,2,1
4139,34,6,36.9,4,2,1
2634,252,5,36.9,2,1,1
1573,343,6,36.9,1,2,1
1545,74,7,36.8,3,2,1
2858,493,3,36.8,1,1,1
4763,63,8,36.8,3,2,1
4830,372,8,36.7,1,2,1
2714,290,2,36.7,1,1,1
4663,621,6,36.65,1,2,1
4882,60,4,36.6,3,1,1
1941,105,5,36.6,3,1,1
2788,118,9,36.6,3,3,1
4614,67,10,36.6,3,3,1
1914,209,7,36.55,2,2,1
2067,140,9,36.54,3,3,1
1173,69,9,36.5,3,3,1
3753,367,6,36.5,1,2,1
1830,348,4,36.5,1,1,1
4368,79,8,36.4,3,2,1
2060,157,5,36.4,2,1,1
2895,138,3,36.3,3,1,1
1389,315,8,36.3,1,2,1
3085,172,4,36.2,2,1,1
3628,516,6,36.16,1,2,1
3218,567,5,36.1,1,1,1
2673,20,8,36.1,4,2,1
4863,0,4,36.1,4,1,1
4960,133,9,36.0,3,3,1
3403,623,7,35.92,1,2,1
3477,531,3,35.9,1,1,1
1874,154,9,35.9,2,3,1
1508,45,8,35.9,4,2,1
2888,10,9,35.9,4,3,1
4209,519,4,35.8,1,1,1
2098,436,7,35.8,1,2,1
3800,325,6,35.8,1,2,1
1607,444,6,35.76,1,2,1
1042,75,6,35.75,3,2,1
3974,194,6,35.7,2,2,1
2537,77,8,35.6,3,2,1
2995,315,5,35.59,1,1,1
4635,75,8,35.5,3,2,1
2280,353,4,35.5,1,1,1
1596,169,10,35.45,2,3,1
1364,152,8,35.4,2,2,1
2585,291,10,35.4,1,3,1
3955,37,6,35.4,4,2,1
4087,126,5,35.3,3,1,1
2046,131,5,35.25,3,1,1
3738,0,10,35.2,4,3,1
1154,227,9,35.2,2,3,1
3792,518,4,35.1,1,1,1
1617,275,9,35.1,2,3,1
1463,6,6,35.1,4,2,1
4857,155,4,35.1,2,1,1
3057,532,5,35.1,1,1,1
1563,612,5,35.0,1,1,1
2377,258,5,35.0,2,1,1
3638,207,4,35.0,2,1,1
1487,423,7,34.9,1,2,1
2423,517,4,34.8,1,1,1
1105,222,6,34.8,2,2,1
1453,404,4,34.8,1,1,1
1201,401,4,34.8,1,1,1
2520,24,6,34.77,4,2,1
3901,395,4,34.7,1,1,1
4354,348,4,34.7,1,1,1
1916,44,7,34.65,4,2,1
1149,18,7,34.6,4,2,1
1145,84,6,34.6,3,2,1
1117,220,3,34.6,2,1,1
1571,220,8,34.5,2,2,1
2094,602,6,34.44,1,2,1
1196,33,8,34.42,4,2,1
4861,108,6,34.4,3,2,1
1879,417,8,34.4,1,2,1
1709,252,4,34.4,2,1,1
3461,187,6,34.3,2,2,1
3417,15,8,34.3,4,2,1
2253,162,6,34.3,2,2,1
4974,420,4,34.24,1,1,1
3135,157,6,34.22,2,2,1
4682,227,6,34.2,2,2,1
3659,192,7,34.16,2,2,1
2926,52,7,34.15,4,2,1
4943,155,6,34.1,2,2,1
3871,152,7,34.1,2,2,1
1771,282,6,34.0,1,2,1
4581,271,6,34.0,2,2,1
3319,43,5,34.0,4,1,1
2429,184,4,33.96,2,1,1
3720,216,8,33.9,2,2,1
3725,466,4,33.9,1,1,1
3199,6,2,33.9,4,1,1
1368,168,2,33.9,2,1,1
3914,356,6,33.82,1,2,1
2812,387,3,33.8,1,1,1
4033,207,6,33.7,2,2,1
3475,16,10,33.7,4,3,1
2318,348,6,33.7,1,2,1
2970,0,7,33.6,4,2,1
2677,7,6,33.6,4,2,1
3332,333,5,33.55,1,1,1
3876,88,6,33.5,3,2,1
3695,174,8,33.4,2,2,1
3056,137,4,33.4,3,1,1
2662,390,6,33.4,1,2,1
2725,702,4,33.4,1,1,1
2605,487,6,33.35,1,2,1
2275,150,4,33.32,2,1,1
2347,337,4,33.3,1,1,1
2114,54,6,33.3,4,2,1
2258,437,7,33.3,1,2,1
2030,117,7,33.22,3,2,1
4905,35,2,33.2,4,1,1
3131,392,4,33.2,1,1,1
1374,147,10,33.2,2,3,1
3242,221,8,33.1,2,2,1
4400,19,6,33.02,4,2,1
3211,91,4,33.0,3,1,1
1232,182,7,33.0,2,2,1
4998,77,2,33.0,3,1,1
1122,9,6,33.0,4,2,1
2199,576,4,33.0,1,1,1
4670,80,7,32.9,3,2,1
4811,58,7,32.9,3,2,1
1861,140,5,32.9,3,1,1
3521,166,8,32.9,2,2,1
4518,163,5,32.8,2,1,1
3367,671,2,32.8,1,1,1
4327,248,5,32.76,2,1,1
3964,659,5,32.7,1,1,1
2088,324,5,32.7,1,1,1
1459,165,4,32.66,2,1,1
1633,143,6,32.62,2,2,1
2384,362,6,32.6,1,2,1
1219,454,4,32.6,1,1,1
3747,309,5,32.6,1,1,1
1593,144,7,32.6,2,2,1
2057,47,5,32.54,4,1,1
1317,522,6,32.54,1,2,1
2919,183,4,32.5,2,1,1
4570,130,6,32.5,3,2,1
3820,522,6,32.5,1,2,1
2013,122,7,32.45,3,2,1
4047,299,4,32.44,1,1,1
2856,131,4,32.4,3,1,1
1727,165,6,32.4,2,2,1
3885,76,5,32.4,3,1,1
4533,223,6,32.4,2,2,1
3641,3,6,32.3,4,2,1
3425,380,6,32.3,1,2,1
2036,490,6,32.3,1,2,1
3908,173,4,32.3,2,1,1
2053,100,8,32.2,3,2,1
1057,570,8,32.15,1,2,1
2651,475,4,32.12,1,1,1
3317,184,6,32.11,2,2,1
1577,289,2,32.1,1,1,1
3449,31,8,32.0,4,2,1
2006,22,4,32.0,4,1,1
2845,90,4,31.9,3,1,1
1408,160,7,31.9,2,2,1
2603,550,4,31.86,1,1,1
4145,263,6,31.84,2,2,1
3992,410,4,31.75,1,1,1
1085,137,7,31.74,3,2,1
2966,399,6,31.7,1,2,1
1645,451,4,31.7,1,1,1
3565,624,3,31.54,1,1,1
3326,244,4,31.5,2,1,1
3152,36,4,31.5,4,1,1
4081,71,6,31.44,3,2,1
4913,151,7,31.4,2,2,1
3019,11,5,31.4,4,1,1
3945,87,6,31.4,3,2,1
3710,130,8,31.3,3,2,1
3791,280,4,31.2,2,1,1
4674,578,6,31.2,1,2,1
3890,65,9,31.1,3,3,1
1164,275,5,31.1,2,1,1
3805,468,6,31.1,1,2,1
4936,290,4,31.1,1,1,1
2887,347,4,31.1,1,1,1
1429,326,5,31.1,1,1,1
2141,297,9,31.0,1,3,1
3172,304,7,31.0,1,2,1
2174,468,7,30.8,1,2,1
3147,6,5,30.75,4,1,1
2451,458,7,30.65,1,2,1
1121,655,2,30.62,1,1,1
3550,377,8,30.6,1,2,1
2214,345,4,30.6,1,1,1
3188,24,6,30.59,4,2,1
1189,544,4,30.55,1,1,1
4625,267,5,30.5,2,1,1
2631,94,7,30.5,3,2,1
3196,56,5,30.44,4,1,1
3004,323,4,30.35,1,1,1
2329,168,4,30.3,2,1,1
4332,36,4,30.25,4,1,1
2335,160,5,30.2,2,1,1
3852,273,7,30.1,2,2,1
1447,573,3,30.0,1,1,1
1662,201,5,30.0,2,1,1
1665,31,6,30.0,4,2,1
1920,317,6,30.0,1,2,1
3073,347,5,30.0,1,1,1
4802,507,2,30.0,1,1,1
4575,20,7,29.94,4,2,1
2468,292,8,29.8,1,2,1
1470,567,2,29.7,1,1,1
4907,253,5,29.7,2,1,1
2954,208,7,29.5,2,2,1
2577,66,8,29.45,3,2,1
3313,266,6,29.4,2,2,1
2733,161,6,29.3,2,2,1
4983,382,6,29.22,1,2,1
4801,148,5,29.2,2,1,1
1598,303,7,29.2,1,2,1
2798,130,8,29.2,3,2,1
1683,132,5,29.2,3,1,1
4927,72,5,29.2,3,1,1
2734,275,3,29.14,2,1,1
3825,702,2,29.14,1,1,1
4479,323,9,29.1,1,3,1
1166,575,4,29.1,1,1,1
3069,265,5,29.0,2,1,1
4995,576,4,29.0,1,1,1
2862,144,6,28.98,2,2,1
3636,230,8,28.9,2,2,1
3542,172,4,28.9,2,1,1
3018,186,6,28.8,2,2,1
1272,521,2,28.8,1,1,1
4729,266,6,28.74,2,2,1
2881,577,4,28.65,1,1,1
4639,403,2,28.6,1,1,1
4136,141,6,28.6,2,2,1
4979,250,7,28.6,2,2,1
3177,438,4,28.6,1,1,1
1841,234,4,28.6,2,1,1
2308,476,6,28.6,1,2,1
4996,36,10,28.5,4,3,1
4552,74,8,28.5,3,2,1
3494,179,7,28.45,2,2,1
1192,355,5,28.4,1,1,1
4714,122,4,28.4,3,1,1
3047,114,5,28.3,3,1,1
4611,125,5,28.3,3,1,1
2976,211,5,28.21,2,1,1
2220,148,6,28.2,2,2,1
3448,460,2,28.2,1,1,1
2541,474,6,28.2,1,2,1
3722,516,6,28.2,1,2,1
4481,467,3,28.1,1,1,1
4595,145,4,28.1,2,1,1
3366,376,4,28.1,1,1,1
3391,9,2,28.0,4,1,1
2774,63,7,27.96,3,2,1
3404,23,4,27.94,4,1,1
3012,101,6,27.9,3,2,1
3244,40,6,27.9,4,2,1
3569,419,6,27.8,1,2,1
4242,21,7,27.76,4,2,1
3707,187,4,27.75,2,1,1
2227,193,5,27.7,2,1,1
2931,543,3,27.7,1,1,1
1531,345,4,27.7,1,1,1
4948,586,4,27.6,1,1,1
1640,662,4,27.4,1,1,1
3386,330,8,27.4,1,2,1
4409,349,7,27.34,1,2,1
3078,120,5,27.3,3,1,1
3008,539,5,27.3,1,1,1
2192,323,5,27.3,1,1,1
3826,612,2,27.24,1,1,1
2615,580,4,27.2,1,1,1
4866,131,6,27.1,3,2,1
4189,110,6,27.1,3,2,1
4241,454,6,27.1,1,2,1
1238,304,2,27.0,1,1,1
1334,206,5,27.0,2,1,1
2334,668,5,27.0,1,1,1
2686,375,4,27.0,1,1,1
2853,408,5,26.9,1,1,1
2477,209,7,26.9,2,2,1
2658,75,7,26.9,3,2,1
3711,175,4,26.85,2,1,1
1255,460,2,26.8,1,1,1
2828,697,2,26.8,1,1,1
1769,0,5,26.8,4,1,1
1685,134,8,26.7,3,2,1
4987,357,7,26.4,1,2,1
2473,182,6,26.4,2,2,1
1112,265,4,26.36,2,1,1
2342,376,4,26.3,1,1,1
1794,104,5,26.3,3,1,1
4884,699,2,26.3,1,1,1
3451,121,7,26.2,3,2,1
2398,356,7,26.2,1,2,1
2285,14,4,26.2,4,1,1
2259,562,6,26.15,1,2,1
4900,455,4,26.1,1,1,1
3269,84,5,26.1,3,1,1
1200,95,8,26.05,3,2,1
4517,430,2,26.0,1,1,1
3231,274,5,26.0,2,1,1
4985,4,8,25.97,4,2,1
1972,211,5,25.9,2,1,1
1586,607,6,25.9,1,2,1
1445,607,6,25.8,1,2,1
4027,184,4,25.8,2,1,1
3788,317,2,25.8,1,1,1
1610,218,6,25.7,2,2,1
1284,485,4,25.6,1,1,1
3739,146,7,25.6,2,2,1
1344,117,5,25.5,3,1,1
1159,199,6,25.45,2,2,1
1044,66,4,25.4,3,1,1
3288,248,6,25.4,2,2,1
1876,197,2,25.3,2,1,1
4186,66,3,25.3,3,1,1
3293,235,7,25.3,2,2,1
2084,137,3,25.3,3,1,1
2621,459,4,25.2,1,1,1
3001,6,4,25.2,4,1,1
3708,118,7,25.2,3,2,1
4829,57,4,25.2,3,1,1
1960,355,4,25.2,1,1,1
4315,248,7,25.2,2,2,1
2776,595,4,25.14,1,1,1
1338,506,5,25.1,1,1,1
4141,48,3,25.1,4,1,1
4902,258,6,25.0,2,2,1
2866,623,2,25.0,1,1,1
3632,451,4,25.0,1,1,1
4052,253,5,24.82,2,1,1
2322,683,4,24.8,1,1,1
2752,81,2,24.7,3,1,1
4143,663,4,24.7,1,1,1
3836,24,6,24.7,4,2,1
4237,589,2,24.7,1,1,1
1132,99,9,24.64,3,3,1
1273,240,4,24.6,2,1,1
3032,208,4,24.55,2,1,1
1707,204,4,24.5,2,1,1
3432,270,4,24.5,2,1,1
3602,429,5,24.5,1,1,1
4005,596,4,24.5,1,1,1
4225,236,6,24.4,2,2,1
1352,667,2,24.4,1,1,1
4870,547,6,24.4,1,2,1
4791,671,4,24.4,1,1,1
1786,323,6,24.3,1,2,1
1357,115,6,24.3,3,2,1
2820,401,2,24.2,1,1,1
2216,43,2,24.2,4,1,1
4436,7,2,24.1,4,1,1
4123,16,4,24.0,4,1,1
1156,108,2,24.0,3,1,1
1005,706,4,24.0,1,1,1
3238,545,8,24.0,1,2,1
2050,185,4,23.9,2,1,1
1481,209,4,23.8,2,1,1
1048,73,6,23.8,3,2,1
3372,673,2,23.8,1,1,1
4383,393,4,23.7,1,1,1
4425,74,2,23.7,3,1,1
4621,642,2,23.7,1,1,1
1369,394,8,23.6,1,2,1
3434,203,5,23.52,2,1,1
4429,162,3,23.5,2,1,1
1167,317,4,23.5,1,1,1
2822,12,4,23.48,4,1,1
4844,310,2,23.4,1,1,1
4535,25,7,23.4,4,2,1
1594,341,6,23.3,1,2,1
1975,95,4,23.3,3,1,1
4560,180,4,23.2,2,1,1
4964,30,4,23.15,4,1,1
4612,244,4,23.1,2,1,1
2767,337,5,23.1,1,1,1
1299,210,8,23.1,2,2,1
3383,412,6,23.1,1,2,1
2501,112,4,23.0,3,1,1
2457,382,6,23.0,1,2,1
4031,73,7,23.0,3,2,1
3568,74,8,22.85,3,2,1
4333,182,2,22.8,2,1,1
2198,507,2,22.8,1,1,1
1891,543,6,22.8,1,2,1
1790,276,4,22.7,2,1,1
1292,67,4,22.7,3,1,1
2140,0,6,22.7,4,2,1
2015,232,4,22.6,2,1,1
2609,126,5,22.6,3,1,1
1193,48,4,22.56,4,1,1
1886,28,4,22.56,4,1,1
4184,15,8,22.5,4,2,1
4347,298,4,22.5,1,1,1
3540,300,7,22.4,1,2,1
2567,526,2,22.4,1,1,1
1119,329,2,22.4,1,1,1
2801,446,8,22.35,1,2,1
4093,478,4,22.3,1,1,1
3336,279,2,22.2,2,1,1
4984,248,7,22.15,2,2,1
2722,412,4,22.1,1,1,1
3052,179,5,22.05,2,1,1
4307,543,2,21.96,1,1,1
4522,226,8,21.9,2,2,1
1871,381,2,21.9,1,1,1
4658,169,8,21.9,2,2,1
5000,323,7,21.8,1,2,1
3146,551,4,21.8,1,1,1
1464,210,5,21.8,2,1,1
1944,121,4,21.7,3,1,1
3958,56,6,21.6,4,2,1
3314,504,2,21.6,1,1,1
3906,197,4,21.6,2,1,1
3286,7,4,21.6,4,1,1
4483,137,4,21.53,3,1,1
2985,215,6,21.5,2,2,1
2848,45,4,21.4,4,1,1
3538,304,6,21.3,1,2,1
3555,442,3,21.2,1,1,1
4497,206,4,21.2,2,1,1
2180,377,5,21.1,1,1,1
2526,75,4,21.1,3,1,1
3037,310,5,21.1,1,1,1
1300,482,2,21.0,1,1,1
4520,647,6,21.0,1,2,1
3734,116,5,21.0,3,1,1
2414,574,2,21.0,1,1,1
1556,578,2,20.9,1,1,1
4689,114,7,20.9,3,2,1
1957,333,4,20.8,1,1,1
4980,492,2,20.75,1,1,1
1068,182,4,20.7,2,1,1
2493,145,5,20.7,2,1,1
2021,352,2,20.6,1,1,1
1695,329,2,20.6,1,1,1
2121,422,4,20.6,1,1,1
2987,623,2,20.6,1,1,1
2539,45,4,20.6,4,1,1
2103,294,2,20.55,1,1,1
2748,637,2,20.4,1,1,1
1455,287,2,20.4,1,1,1
3870,284,4,20.2,1,1,1
3991,545,2,20.16,1,1,1
3536,635,3,20.1,1,1,1
1681,542,6,20.1,1,2,1
1437,137,4,20.05,3,1,1
3155,464,2,20.0,1,1,1
1257,470,4,20.0,1,1,1
1845,145,7,20.0,2,2,1
4181,479,3,20.0,1,1,1
1066,566,6,19.92,1,2,1
2161,462,4,19.92,1,1,1
2490,12,6,19.92,4,2,1
3654,14,5,19.8,4,1,1
3626,567,4,19.8,1,1,1
3197,669,3,19.8,1,1,1
2898,525,7,19.7,1,2,1
1462,462,4,19.7,1,1,1
3933,393,4,19.62,1,1,1
3230,350,2,19.6,1,1,1
2372,118,6,19.6,3,2,1
4642,27,4,19.57,4,1,1
3883,86,4,19.5,3,1,1
2852,205,2,19.5,2,1,1
2710,77,4,19.5,3,1,1
4118,6,2,19.4,4,1,1
4135,598,4,19.4,1,1,1
4010,1,6,19.4,4,2,1
2607,405,4,19.3,1,1,1
2463,4,6,19.2,4,2,1
2219,257,6,19.2,2,2,1
1350,483,6,19.2,1,2,1
2112,572,4,19.0,1,1,1
4920,312,4,19.0,1,1,1
4803,365,6,19.0,1,2,1
4451,402,2,18.9,1,1,1
3606,414,2,18.9,1,1,1
1880,106,4,18.8,3,1,1
2844,223,2,18.8,2,1,1
3715,233,7,18.7,2,2,1
4930,504,3,18.7,1,1,1
4792,163,4,18.7,2,1,1
1700,61,4,18.64,3,1,1
2998,169,5,18.6,2,1,1
3566,16,4,18.6,4,1,1
3598,259,4,18.5,2,1,1
3887,462,3,18.44,1,1,1
3087,368,6,18.4,1,2,1
2487,174,4,18.1,2,1,1
2628,393,2,18.0,1,1,1
2075,344,6,18.0,1,2,1
4208,695,2,18.0,1,1,1
2731,263,4,18.0,2,1,1
4737,102,2,18.0,3,1,1
3395,133,4,17.9,3,1,1
1080,230,5,17.8,2,1,1
1402,442,4,17.8,1,1,1
3834,591,5,17.76,1,1,1
4918,337,5,17.7,1,1,1
1137,95,6,17.6,3,2,1
4775,641,3,17.6,1,1,1
4490,708,4,17.6,1,1,1
4587,586,2,17.6,1,1,1
4379,90,4,17.6,3,1,1
3130,242,6,17.5,2,2,1
3845,102,2,17.4,3,1,1
1247,452,4,17.4,1,1,1
2330,420,4,17.4,1,1,1
1313,5,2,17.3,4,1,1
3970,423,2,17.2,1,1,1
3580,36,4,17.2,4,1,1
3234,136,2,17.1,3,1,1
4491,468,2,17.1,1,1,1
3466,386,6,17.1,1,2,1
1071,460,3,17.1,1,1,1
2153,381,4,17.09,1,1,1
2675,106,6,17.0,3,2,1
4279,702,2,16.9,1,1,1
1755,574,4,16.9,1,1,1
4158,4,4,16.85,4,1,1
1471,496,4,16.8,1,1,1
1059,564,5,16.8,1,1,1
2145,18,5,16.8,4,1,1
1222,97,4,16.8,3,1,1
1496,613,2,16.8,1,1,1
3408,55,6,16.7,4,2,1
1046,189,4,16.7,2,1,1
3272,192,4,16.65,2,1,1
3501,156,4,16.6,2,1,1
1228,310,3,16.6,1,1,1
4032,142,4,16.6,2,1,1
3634,20,5,16.6,4,1,1
1630,222,4,16.5,2,1,1
4885,75,2,16.4,3,1,1
3064,362,4,16.4,1,1,1
4973,581,3,16.4,1,1,1
3968,48,5,16.4,4,1,1
1029,291,2,16.35,1,1,1
1933,435,2,16.2,1,1,1
4961,423,2,16.2,1,1,1
2894,291,2,16.0,1,1,1
1537,332,5,16.0,1,1,1
1124,494,4,15.9,1,1,1
3482,518,7,15.8,1,2,1
3652,103,4,15.7,3,1,1
4630,549,2,15.7,1,1,1
4435,389,8,15.7,1,2,1
3994,393,2,15.7,1,1,1
2992,51,3,15.6,4,1,1
4730,399,4,15.6,1,1,1
4528,78,4,15.4,3,1,1
1558,268,2,15.4,2,1,1
3000,495,2,15.4,1,1,1
3706,408,2,15.3,1,1,1
2354,497,6,15.3,1,2,1
1096,155,2,15.3,2,1,1
4949,134,2,15.2,3,1,1
4846,391,5,15.0,1,1,1
1267,594,2,15.0,1,1,1
2720,552,2,14.9,1,1,1
2808,239,6,14.8,2,2,1
1187,18,7,14.77,4,2,1
1860,522,4,14.7,1,1,1
2953,360,3,14.6,1,1,1
4514,531,2,14.6,1,1,1
3173,158,2,14.6,2,1,1
1321,261,5,14.6,2,1,1
4904,389,2,14.5,1,1,1
2773,579,2,14.5,1,1,1
3605,269,3,14.5,2,1,1
4378,240,4,14.5,2,1,1
3377,488,2,14.4,1,1,1
3624,597,2,14.4,1,1,1
1745,648,2,14.4,1,1,1
3105,627,2,14.2,1,1,1
4454,7,3,14.1,4,1,1
1673,631,2,13.9,1,1,1
3993,315,3,13.9,1,1,1
3108,645,4,13.85,1,1,1
3889,372,5,13.8,1,1,1
2197,542,2,13.8,1,1,1
3103,385,4,13.8,1,1,1
3981,5,4,13.7,4,1,1
1401,215,4,13.6,2,1,1
4795,153,2,13.5,2,1,1
4994,325,2,13.5,1,1,1
1436,304,2,13.49,1,1,1
4653,416,4,13.4,1,1,1
1519,428,2,13.4,1,1,1
2826,482,2,13.4,1,1,1
2442,674,2,13.4,1,1,1
4739,391,4,13.2,1,1,1
2012,276,4,13.2,2,1,1
2963,582,4,13.2,1,1,1
3995,187,4,13.0,2,1,1
4496,341,2,13.0,1,1,1
1915,145,4,13.0,2,1,1
2637,468,4,12.9,1,1,1
1898,414,2,12.8,1,1,1
2968,74,2,12.64,3,1,1
4043,343,2,12.6,1,1,1
2456,655,2,12.5,1,1,1
3418,292,4,12.4,1,1,1
1310,403,4,12.4,1,1,1
2292,280,2,12.4,1,1,1
3097,142,2,12.4,2,1,1
3943,636,2,12.3,1,1,1
3453,14,4,12.1,4,1,1
3163,366,4,12.1,1,1,1
3932,602,2,12.1,1,1,1
2116,123,4,12.1,3,1,1
4945,150,2,12.0,2,1,1
4805,78,4,12.0,3,1,1
1643,246,4,12.0,2,1,1
3733,512,4,12.0,1,1,1
3216,321,4,12.0,1,1,1
3350,586,4,11.9,1,1,1
3454,13,2,11.8,4,1,1
1397,9,2,11.8,4,1,1
3174,324,4,11.8,1,1,1
1721,76,6,11.8,3,2,1
4309,106,4,11.7,3,1,1
1826,376,2,11.7,1,1,1
4248,447,2,11.7,1,1,1
2008,70,6,11.65,3,2,1
3333,311,4,11.6,1,1,1
4824,559,2,11.6,1,1,1
1579,563,2,11.5,1,1,1
2878,421,4,11.5,1,1,1
4562,419,4,11.4,1,1,1
3436,278,2,11.4,2,1,1
3240,363,4,11.4,1,1,1
4423,673,2,11.4,1,1,1
2417,422,2,11.4,1,1,1
3098,117,4,11.4,3,1,1
1956,716,2,11.3,1,1,1
3607,676,2,11.2,1,1,1
1963,0,2,11.1,4,1,1
2889,344,2,11.1,1,1,1
1762,182,4,11.0,2,1,1
2474,324,2,11.0,1,1,1
4011,489,2,11.0,1,1,1
1439,139,2,10.9,3,1,1
3290,215,2,10.9,2,1,1
2911,169,4,10.85,2,1,1
1415,367,4,10.8,1,1,1
1266,490,2,10.8,1,1,1
1036,709,2,10.8,1,1,1
1925,575,2,10.7,1,1,1
3007,393,4,10.7,1,1,1
4707,322,4,10.7,1,1,1
4530,109,4,10.6,3,1,1
2558,140,2,10.6,3,1,1
3610,470,4,10.6,1,1,1
2350,579,4,10.5,1,1,1
3179,284,2,10.5,1,1,1
1177,77,4,10.45,3,1,1
3376,722,3,10.3,1,1,1
2024,527,4,10.25,1,1,1
2988,77,2,10.2,3,1,1
1688,50,2,10.1,4,1,1
2373,495,2,10.1,1,1,1
4521,106,2,10.0,3,1,1
3576,594,2,10.0,1,1,1
1180,493,4,9.9,1,1,1
4755,3,3,9.9,4,1,1
3422,521,2,9.8,1,1,1
4590,498,2,9.6,1,1,1
4982,151,3,9.6,2,1,1
1469,489,2,9.5,1,1,1
4072,138,2,9.4,3,1,1
3944,361,3,9.4,1,1,1
3134,206,2,9.4,2,1,1
1089,390,2,9.3,1,1,1
3796,207,2,9.0,2,1,1
2841,10,2,9.0,4,1,1
4472,445,2,9.0,1,1,1
2614,188,2,9.0,2,1,1
2136,323,2,9.0,1,1,1
3243,727,2,8.9,1,1,1
3373,6,4,8.8,4,1,1
4506,141,2,8.7,2,1,1
2096,339,2,8.6,1,1,1
3126,393,2,8.5,1,1,1
4099,337,5,8.5,1,1,1
3700,255,3,8.4,2,1,1
2717,727,2,8.4,1,1,1
4703,436,2,8.2,1,1,1
2387,659,2,8.1,1,1,1
1063,341,4,8.1,1,1,1
2759,156,2,8.0,2,1,1
3823,385,2,7.9,1,1,1
3777,672,2,7.9,1,1,1
3136,611,2,7.9,1,1,1
3080,683,2,7.85,1,1,1
3874,529,2,7.8,1,1,1
4834,247,2,7.8,2,1,1
1400,445,2,7.8,1,1,1
2783,274,2,7.8,2,1,1
3412,338,4,7.8,1,1,1
1227,601,2,7.7,1,1,1
1744,93,4,7.65,3,1,1
3714,571,4,7.65,1,1,1
1084,621,2,7.6,1,1,1
1989,112,2,7.6,3,1,1
2684,353,3,7.5,1,1,1
2425,313,3,7.5,1,1,1
2735,212,2,7.4,2,1,1
3093,292,2,7.32,1,1,1
3771,374,2,7.3,1,1,1
3510,362,2,7.3,1,1,1
1375,80,2,7.2,3,1,1
3301,249,2,7.1,2,1,1
3270,229,2,6.9,2,1,1
2482,708,3,6.9,1,1,1
4447,243,2,6.8,2,1,1
3631,474,2,6.8,1,1,1
4631,673,2,6.8,1,1,1
4188,497,2,6.72,1,1,1
1976,77,3,6.7,3,1,1
1251,34,3,6.6,4,1,1
3431,517,2,6.6,1,1,1
4365,313,3,6.5,1,1,1
2304,182,2,6.4,2,1,1
4889,330,3,6.4,1,1,1
2302,700,2,6.0,1,1,1
1243,721,2,6.0,1,1,1
2297,304,2,5.92,1,1,1
1642,458,2,5.9,1,1,1
3239,33,2,5.9,4,1,1
3478,272,2,5.8,2,1,1
3124,265,3,5.7,2,1,1
4366,139,2,5.7,3,1,1
4247,727,2,5.6,1,1,1
3824,321,2,5.4,1,1,1
2296,566,2,5.35,1,1,1
2213,492,2,5.3,1,1,1
3345,91,2,5.2,3,1,1
4142,43,2,4.9,4,1,1
2497,511,2,4.9,1,1,1
2591,385,3,4.8,1,1,1
4419,7,2,4.6,4,1,1
4062,398,2,4.6,1,1,1
3362,578,2,4.6,1,1,1
4386,113,2,4.5,3,1,1
1592,397,2,4.4,1,1,1
3490,174,2,4.4,2,1,1
2248,288,2,4.4,1,1,1
2668,394,2,4.2,1,1,1
3503,31,2,4.1,4,1,1
1626,315,2,4.1,1,1,1
3858,278,2,4.0,2,1,1
3723,291,2,3.9,1,1,1
3780,674,2,3.7,1,1,1
3990,593,2,3.7,1,1,1
1093,277,2,3.65,2,1,1
4151,58,1,3.6,3,1,1
1414,220,2,3.4,2,1,1
3625,439,2,3.4,1,1,1
4023,343,2,3.4,1,1,1
4816,152,2,3.2,2,1,1
4926,405,2,2.9,1,1,1
1314,481,2,2.9,1,1,1
1039,213,2,2.7,2,1,1
3162,207,2,2.6,2,1,1
2640,252,1,2.4,2,1,1
3949,273,2,2.1,2,1,1
1560,593,2,1.9,1,1,1
1221,410,2,1.7,1,1,1
4029,429,1,1.6,1,1,1
1250,448,2,1.3,1,1,1
4565,0,1,1.1,4,1,1
